Side,Price,Latency_us
SELL,101.10,12
BUY,94.30,11
BUY,93.30,28
BUY,94.80,28
SELL,99.00,23
SELL,98.20,22
SELL,101.90,22
BUY,94.90,10
BUY,92.80,11
BUY,91.80,13
BUY,88.00,21
BUY,83.30,21
BUY,85.20,20
BUY,81.10,21
BUY,82.80,20
SELL,86.00,22
SELL,88.80,26
SELL,85.40,20
BUY,83.90,19
BUY,84.10,24
BUY,80.10,23
BUY,78.40,23
BUY,81.30,23
SELL,84.10,23
SELL,89.40,24
SELL,88.00,30
SELL,91.50,29
SELL,97.30,20
SELL,98.00,39
BUY,93.40,41
BUY,89.20,29
BUY,88.60,36
BUY,90.40,13
SELL,94.40,30
SELL,91.80,29
SELL,96.40,33
BUY,89.70,30
BUY,86.90,26
BUY,88.50,13
BUY,80.90,29
BUY,81.20,30
BUY,77.50,30
BUY,75.80,29
SELL,83.70,30
SELL,82.20,30
BUY,78.50,32
BUY,80.00,32
BUY,76.40,16
BUY,76.30,29
BUY,73.80,22
BUY,72.20,31
SELL,76.60,30
BUY,69.60,24
BUY,66.30,30
BUY,70.80,35
BUY,66.30,27
BUY,61.70,26
BUY,61.80,27
SELL,70.40,26
SELL,67.70,27
BUY,63.20,29
BUY,66.40,26
SELL,68.20,27
BUY,63.50,29
BUY,62.30,26
BUY,61.70,29
BUY,56.80,25
SELL,61.40,41
BUY,60.90,116
SELL,63.60,32
SELL,68.30,25
SELL,72.70,27
SELL,68.10,36
BUY,64.00,27
BUY,62.10,25
BUY,61.60,28
SELL,67.40,25
SELL,66.60,22
SELL,71.50,29
SELL,73.30,37
SELL,69.50,19
BUY,71.20,28
SELL,75.60,42
SELL,75.90,28
SELL,77.70,79
SELL,74.00,27
BUY,72.00,28
BUY,67.60,28
BUY,68.80,27
BUY,68.00,27
SELL,72.70,26
SELL,72.90,29
SELL,74.60,26
SELL,76.20,22
BUY,72.40,25
SELL,74.50,26
BUY,69.60,25
BUY,71.70,29
BUY,71.20,26
BUY,67.80,26
SELL,73.70,25
BUY,67.80,26
BUY,70.00,29
SELL,74.80,25
SELL,79.30,27
SELL,76.20,26
BUY,73.90,23
SELL,78.80,25
BUY,71.90,24
BUY,69.20,22
BUY,64.80,29
BUY,61.10,28
BUY,63.10,27
BUY,61.90,22
SELL,66.30,25
BUY,60.30,28
SELL,66.00,23
SELL,64.80,27
SELL,68.20,28
SELL,68.20,28
SELL,69.10,29
BUY,66.10,27
SELL,68.50,23
BUY,67.40,24
SELL,70.60,25
SELL,75.20,26
SELL,78.70,29
SELL,76.00,28
BUY,73.00,24
BUY,72.40,26
BUY,69.20,28
BUY,66.70,29
BUY,65.10,26
BUY,64.30,24
BUY,60.40,26
SELL,62.90,29
SELL,67.40,26
SELL,68.80,26
SELL,73.00,28
SELL,69.50,30
SELL,73.60,27
SELL,73.80,34
SELL,78.50,26
SELL,78.80,30
SELL,78.50,30
BUY,76.00,31
BUY,72.00,30
BUY,73.20,26
BUY,69.30,25
BUY,65.10,27
BUY,67.80,24
BUY,64.90,27
BUY,66.70,29
SELL,71.20,27
SELL,73.80,27
SELL,75.50,26
SELL,74.40,26
SELL,76.80,33
BUY,70.60,27
BUY,72.80,29
SELL,78.20,25
SELL,81.60,27
SELL,82.10,25
SELL,86.00,24
BUY,78.20,25
BUY,82.50,27
SELL,84.40,29
SELL,87.40,18
SELL,87.90,32
SELL,88.40,33
BUY,84.00,29
BUY,85.30,28
BUY,80.50,25
BUY,78.90,27
BUY,76.90,26
BUY,76.30,23
BUY,75.10,86
BUY,70.90,14
SELL,75.60,36
BUY,70.90,29
BUY,69.00,28
BUY,67.10,26
BUY,63.50,25
BUY,60.40,25
BUY,62.90,27
BUY,58.80,24
BUY,59.70,28
BUY,57.40,25
BUY,53.30,34
BUY,50.80,27
BUY,50.00,23
BUY,50.60,29
SELL,56.70,25
SELL,56.50,27
BUY,51.90,25
BUY,51.90,28
SELL,54.50,29
SELL,54.30,25
SELL,55.60,24
SELL,58.40,246
SELL,63.30,24
SELL,59.20,45
BUY,57.40,29
SELL,60.40,14
BUY,58.40,17
BUY,55.60,29
BUY,51.10,14
BUY,53.70,139
BUY,50.00,13
BUY,51.60,11
SELL,55.50,28
SELL,52.10,25
SELL,56.90,26
SELL,55.70,26
SELL,61.80,25
SELL,63.40,29
SELL,64.10,32
BUY,59.40,18
BUY,56.30,17
BUY,55.00,17
BUY,53.30,21
SELL,55.60,16
BUY,53.90,13
SELL,58.60,16
SELL,60.50,31
SELL,64.40,31
SELL,66.70,31
SELL,69.40,28
BUY,60.60,35
BUY,61.00,39
BUY,62.00,15
BUY,58.50,30
BUY,58.20,32
BUY,55.00,30
BUY,53.80,25
BUY,50.00,29
BUY,50.00,20
BUY,50.00,19
SELL,54.30,18
SELL,55.30,17
SELL,55.70,18
BUY,53.20,18
SELL,54.60,14
BUY,51.10,25
BUY,52.40,18
BUY,50.00,17
BUY,50.00,21
SELL,53.30,11
SELL,57.80,10
SELL,55.40,11
BUY,50.70,8
BUY,50.50,10
SELL,54.80,17
SELL,55.70,10
BUY,51.30,10
BUY,50.00,9
BUY,50.00,19
SELL,52.30,19
SELL,54.70,7
BUY,50.00,26
BUY,50.00,28
SELL,52.60,27
SELL,56.90,22
SELL,55.10,25
SELL,57.50,23
SELL,60.80,21
SELL,62.80,8
SELL,61.80,22
BUY,59.10,23
BUY,55.90,24
BUY,55.50,21
SELL,58.40,22
BUY,58.10,25
BUY,55.50,22
BUY,55.70,21
SELL,60.30,21
SELL,62.40,21
SELL,63.80,9
SELL,64.80,20
SELL,69.60,21
SELL,69.70,22
SELL,68.70,21
BUY,64.00,21
BUY,64.10,21
BUY,59.20,20
BUY,54.70,12
BUY,57.70,20
BUY,54.50,20
SELL,56.90,11
BUY,50.10,21
BUY,50.00,21
BUY,50.00,20
SELL,53.30,21
SELL,57.10,12
SELL,53.80,21
BUY,50.00,30
BUY,50.00,11
BUY,50.00,20
SELL,54.50,20
SELL,55.20,21
SELL,59.00,30
SELL,60.00,30
BUY,54.50,13
BUY,54.70,30
BUY,50.40,29
BUY,50.00,29
BUY,50.00,29
SELL,54.90,15
SELL,52.60,29
SELL,54.70,29
SELL,58.40,28
SELL,54.80,29
BUY,52.30,33
BUY,51.40,27
BUY,50.00,30
BUY,50.00,32
SELL,52.40,17
SELL,54.20,15
BUY,50.00,33
SELL,54.20,28
SELL,55.80,26
SELL,56.40,27
BUY,51.80,27
BUY,52.80,31
SELL,61.80,24
SELL,58.80,32
BUY,55.40,27
BUY,58.40,29
SELL,60.30,28
SELL,64.00,26
BUY,55.20,29
BUY,51.80,24
BUY,55.90,25
SELL,58.00,25
SELL,55.80,30
SELL,58.50,24
BUY,55.50,27
BUY,54.50,25
BUY,55.30,27
BUY,50.00,28
BUY,51.30,25
SELL,55.70,43
SELL,54.00,25
BUY,50.00,26
BUY,50.00,25
BUY,50.00,28
SELL,54.70,25
SELL,55.80,31
BUY,50.00,29
BUY,50.00,28
SELL,53.10,31
BUY,50.00,32
SELL,52.30,27
SELL,55.40,28
SELL,52.40,30
SELL,56.50,28
SELL,58.40,28
SELL,59.90,32
BUY,56.20,27
BUY,54.00,29
BUY,51.50,28
SELL,56.60,28
SELL,56.50,33
SELL,59.10,23
SELL,58.70,14
SELL,61.30,28
SELL,62.90,35
SELL,64.60,30
SELL,65.00,27
SELL,69.10,30
SELL,65.10,26
BUY,62.00,27
BUY,61.40,27
BUY,58.20,26
BUY,55.00,25
BUY,53.40,27
BUY,50.90,25
BUY,52.60,30
SELL,56.50,29
SELL,53.30,28
BUY,50.00,27
BUY,50.00,32
BUY,50.00,63
SELL,54.60,38
SELL,53.10,26
SELL,56.40,25
SELL,57.70,25
BUY,53.80,25
BUY,54.00,28
BUY,55.40,28
SELL,58.00,30
SELL,56.70,25
SELL,59.20,26
BUY,51.20,32
BUY,55.40,29
BUY,51.40,26
BUY,50.00,25
SELL,54.90,27
SELL,54.60,28
SELL,58.30,30
SELL,56.20,29
SELL,57.60,24
SELL,60.50,30
BUY,53.10,29
BUY,57.00,25
SELL,57.80,24
SELL,56.10,28
BUY,51.10,24
BUY,55.00,32
SELL,53.70,27
BUY,52.10,26
BUY,51.40,24
BUY,50.20,29
BUY,50.00,24
SELL,54.60,26
SELL,54.30,35
SELL,58.10,24
SELL,59.00,27
SELL,62.70,25
SELL,61.20,26
BUY,55.90,31
SELL,63.20,25
SELL,66.60,27
SELL,65.00,29
SELL,66.70,25
BUY,63.60,29
BUY,60.10,26
BUY,59.60,24
SELL,63.30,27
BUY,57.70,26
BUY,55.80,25
BUY,51.10,24
SELL,60.70,34
SELL,59.60,25
BUY,50.30,24
BUY,53.20,29
SELL,58.80,24
BUY,51.90,28
BUY,53.40,24
BUY,50.50,25
BUY,50.00,26
SELL,53.10,28
SELL,55.40,26
SELL,55.10,25
BUY,51.90,24
BUY,50.00,27
BUY,50.00,26
SELL,52.00,26
SELL,53.60,25
SELL,56.00,24
SELL,56.50,24
SELL,54.50,26
SELL,58.90,24
SELL,59.40,26
BUY,52.70,27
BUY,57.00,41
BUY,52.30,26
SELL,61.20,27
SELL,61.40,27
SELL,62.00,26
SELL,64.00,26
BUY,59.30,33
BUY,58.20,28
BUY,54.60,29
SELL,61.10,25
SELL,59.60,27
BUY,56.70,26
BUY,56.00,24
BUY,56.20,25
SELL,59.80,25
BUY,52.70,25
BUY,50.00,24
BUY,51.90,25
BUY,50.00,29
SELL,54.20,27
SELL,55.70,27
SELL,57.80,28
SELL,56.70,29
SELL,58.70,26
SELL,61.40,26
SELL,62.10,26
SELL,60.40,27
BUY,58.20,24
BUY,56.90,27
SELL,66.70,26
SELL,70.80,27
SELL,69.20,26
BUY,60.70,29
BUY,58.30,24
BUY,62.40,24
SELL,66.40,27
SELL,63.60,26
SELL,65.00,27
SELL,69.00,27
SELL,72.40,26
SELL,68.70,24
BUY,65.50,24
SELL,71.80,26
SELL,70.50,25
SELL,72.50,26
SELL,76.70,26
SELL,78.20,26
BUY,71.60,26
BUY,69.80,26
BUY,70.20,26
SELL,73.50,24
SELL,74.70,30
BUY,67.60,29
BUY,67.60,26
BUY,65.00,28
SELL,67.00,17
BUY,67.60,19
SELL,71.60,17
SELL,71.80,41
SELL,71.60,17
BUY,68.00,14
BUY,67.40,16
BUY,64.20,14
BUY,64.20,17
BUY,59.30,14
BUY,60.90,14
BUY,54.10,13
BUY,53.60,11
BUY,54.70,10
BUY,51.40,10
BUY,50.00,12
BUY,50.00,10
SELL,52.90,10
SELL,57.50,8
BUY,50.00,7
BUY,52.50,7
BUY,50.00,7
SELL,55.10,26
SELL,55.50,25
SELL,56.80,24
SELL,60.00,25
SELL,60.00,24
SELL,58.50,8
BUY,55.00,22
BUY,56.40,19
SELL,60.80,19
SELL,62.10,20
SELL,62.90,19
SELL,63.10,32
SELL,67.30,21
BUY,60.30,21
BUY,57.30,21
BUY,58.30,20
SELL,60.10,20
SELL,63.50,21
SELL,67.20,9
SELL,62.30,22
BUY,60.70,21
BUY,58.50,22
SELL,62.90,20
SELL,63.20,22
SELL,65.30,20
SELL,67.50,20
SELL,66.50,20
BUY,63.50,21
SELL,65.80,22
BUY,61.80,21
BUY,64.80,21
BUY,61.10,21
BUY,59.10,20
SELL,66.30,20
SELL,69.30,20
SELL,68.90,12
SELL,70.60,14
SELL,74.30,23
SELL,73.60,21
BUY,72.10,24
BUY,65.60,21
BUY,68.60,21
SELL,72.10,23
SELL,74.20,26
BUY,71.30,14
BUY,67.20,49
BUY,63.20,36
BUY,63.10,40
BUY,59.90,31
SELL,63.70,29
SELL,67.70,13
SELL,66.10,21
SELL,68.60,15
BUY,63.40,37
BUY,63.50,28
SELL,67.70,29
SELL,70.50,35
SELL,65.50,15
BUY,67.70,34
SELL,70.50,28
SELL,73.90,31
SELL,73.10,30
BUY,70.60,30
BUY,67.00,27
BUY,68.60,28
BUY,66.40,30
SELL,70.80,18
SELL,74.80,18
SELL,72.10,19
SELL,74.90,48
BUY,71.20,15
BUY,68.30,28
BUY,67.30,54
BUY,70.10,24
BUY,65.10,17
SELL,69.50,17
BUY,65.20,14
BUY,65.90,14
SELL,69.50,25
BUY,65.90,11
SELL,71.90,12
SELL,72.10,9
BUY,64.30,13
BUY,64.70,45
BUY,61.60,12
BUY,59.40,10
BUY,61.50,11
SELL,64.80,8
SELL,64.50,73
BUY,61.20,14
BUY,61.60,12
BUY,57.40,33
SELL,64.50,65
SELL,65.80,8
SELL,66.70,33
SELL,68.20,7
SELL,71.90,7
SELL,72.20,6
SELL,77.10,6
SELL,80.90,5
SELL,80.30,26
SELL,83.30,23
SELL,84.90,31
SELL,88.20,7
SELL,90.60,7
SELL,89.20,27
BUY,85.10,21
BUY,86.80,7
BUY,85.20,21
SELL,87.60,21
SELL,87.50,20
SELL,90.80,21
BUY,88.40,8
SELL,90.70,21
SELL,93.80,20
SELL,98.30,21
SELL,96.90,20
SELL,99.30,24
SELL,100.70,20
SELL,102.70,21
SELL,106.40,20
SELL,111.10,8
SELL,115.00,20
SELL,114.60,21
SELL,118.60,20
BUY,110.90,21
BUY,112.20,20
BUY,108.40,20
BUY,106.70,20
BUY,103.00,20
BUY,100.80,22
BUY,100.80,20
BUY,95.80,21
BUY,96.70,21
BUY,97.10,20
SELL,101.30,8
SELL,105.70,20
SELL,103.70,20
BUY,102.80,21
SELL,108.40,20
SELL,106.60,21
SELL,108.80,21
SELL,112.10,20
SELL,115.20,20
SELL,115.50,21
BUY,109.80,21
BUY,110.40,25
BUY,107.20,23
BUY,106.30,23
SELL,110.90,23
BUY,107.90,22
BUY,103.30,22
BUY,108.20,20
SELL,105.50,20
SELL,110.00,20
SELL,111.50,22
SELL,114.50,20
SELL,111.30,33
SELL,115.10,17
BUY,108.10,15
BUY,109.30,9
BUY,108.30,12
SELL,111.70,11
SELL,115.00,8
SELL,111.50,8
SELL,116.10,8
SELL,117.20,8
SELL,120.40,8
SELL,120.20,8
SELL,120.60,16
SELL,122.70,16
SELL,124.70,9
SELL,122.50,24
BUY,122.00,8
SELL,128.40,20
SELL,130.30,21
SELL,126.30,20
BUY,125.80,20
BUY,123.30,20
BUY,120.20,19
BUY,120.20,10
BUY,118.30,7
BUY,117.60,20
BUY,117.20,7
SELL,121.10,9
SELL,125.50,20
SELL,121.50,19
SELL,125.70,19
SELL,124.50,19
BUY,122.50,19
BUY,119.50,10
BUY,120.70,20
BUY,117.70,19
BUY,117.60,19
SELL,121.60,19
SELL,119.80,12
SELL,124.10,19
SELL,121.90,18
SELL,125.60,19
BUY,120.10,19
BUY,119.00,19
BUY,115.70,20
SELL,121.40,22
SELL,124.20,20
SELL,124.80,19
SELL,126.90,23
SELL,129.00,19
BUY,119.00,18
BUY,115.20,20
BUY,111.80,18
BUY,111.50,19
BUY,111.10,18
BUY,106.80,19
BUY,105.40,41
BUY,100.90,37
BUY,96.60,32
BUY,94.90,30
BUY,96.50,28
BUY,90.50,14
BUY,89.50,31
BUY,89.80,32
SELL,93.30,18
SELL,92.30,30
SELL,97.50,33
SELL,98.50,28
SELL,97.30,32
BUY,95.20,31
SELL,102.50,30
SELL,106.70,28
SELL,105.00,26
SELL,106.20,31
SELL,108.80,32
SELL,107.40,30
SELL,110.70,21
SELL,114.10,23
SELL,118.30,23
SELL,115.20,17
BUY,112.20,14
BUY,113.10,16
BUY,110.40,15
BUY,108.10,26
BUY,110.30,18
BUY,105.10,12
BUY,107.10,15
SELL,116.10,26
SELL,115.60,23
BUY,108.40,23
BUY,107.70,23
SELL,113.20,22
SELL,116.50,22
SELL,118.70,13
BUY,109.70,26
BUY,106.80,14
BUY,110.40,26
BUY,106.70,5
BUY,106.70,18
BUY,104.30,24
BUY,105.50,10
BUY,105.90,9
BUY,102.30,9
BUY,98.80,30
BUY,97.50,289
BUY,99.10,21
SELL,103.80,20
SELL,106.50,15
SELL,107.50,16
SELL,108.30,13
SELL,112.30,15
SELL,113.10,13
BUY,109.10,13
SELL,114.00,13
BUY,107.20,30
BUY,108.60,15
BUY,104.90,16
BUY,106.20,31
BUY,101.90,16
BUY,105.20,36
BUY,100.20,30
BUY,97.10,33
BUY,97.40,30
BUY,96.40,29
BUY,94.30,31
SELL,98.90,26
SELL,99.20,26
SELL,100.30,25
SELL,101.10,28
SELL,105.20,30
SELL,106.50,25
SELL,103.50,27
SELL,109.00,25
SELL,106.60,26
SELL,108.80,24
BUY,105.70,24
BUY,100.20,25
BUY,100.30,24
SELL,104.00,25
SELL,106.00,28
SELL,108.40,27
SELL,109.60,24
SELL,112.20,29
BUY,106.50,30
BUY,102.80,27
BUY,102.20,27
BUY,104.30,26
SELL,107.20,29
SELL,105.70,26
SELL,110.00,25
BUY,104.00,26
BUY,102.80,32
BUY,98.60,29
BUY,96.50,28
BUY,94.10,27
BUY,95.90,27
BUY,91.50,26
SELL,96.40,26
SELL,94.80,25
SELL,101.20,31
SELL,105.80,27
SELL,102.70,27
SELL,104.10,26
BUY,102.80,26
BUY,99.40,24
BUY,96.20,24
BUY,100.30,26
SELL,103.60,26
SELL,108.40,26
SELL,105.40,27
BUY,106.30,34
BUY,103.20,26
SELL,106.60,26
SELL,109.40,27
BUY,107.00,34
BUY,102.60,27
BUY,98.40,37
BUY,100.20,26
BUY,97.30,25
BUY,100.00,29
SELL,104.20,28
SELL,104.50,27
SELL,107.30,26
SELL,107.60,24
SELL,112.10,24
SELL,114.20,26
SELL,116.70,24
BUY,111.50,28
BUY,108.40,26
BUY,106.50,26
BUY,105.00,25
SELL,108.60,26
BUY,103.00,29
BUY,105.00,26
SELL,107.80,24
SELL,109.30,32
SELL,108.80,27
SELL,111.70,26
SELL,114.20,25
SELL,111.90,24
SELL,115.60,24
SELL,116.90,24
SELL,115.60,27
SELL,118.90,28
SELL,121.40,26
SELL,124.80,26
SELL,125.30,31
SELL,125.90,28
SELL,130.80,24
SELL,132.20,26
SELL,136.50,24
SELL,140.10,28
SELL,138.40,29
BUY,135.50,31
SELL,137.90,30
SELL,139.60,27
BUY,135.80,35
BUY,132.20,27
BUY,132.40,26
BUY,131.50,31
SELL,135.00,27
SELL,139.10,29
SELL,134.70,25
BUY,136.70,25
BUY,128.20,31
BUY,126.20,30
BUY,129.70,27
BUY,124.70,27
SELL,133.30,28
SELL,137.10,28
SELL,132.10,27
SELL,135.70,25
BUY,130.70,28
SELL,135.20,26
SELL,140.10,26
SELL,135.30,26
BUY,133.10,26
BUY,136.40,25
BUY,133.10,26
BUY,126.90,33
BUY,130.80,28
SELL,131.10,27
SELL,135.00,26
SELL,136.70,26
BUY,132.20,23
BUY,129.10,27
BUY,133.20,29
SELL,132.70,25
BUY,129.10,25
BUY,125.90,25
BUY,126.80,17
BUY,123.70,18
BUY,118.80,24
BUY,116.80,17
BUY,116.20,18
SELL,119.50,28
SELL,120.70,17
BUY,117.40,20
BUY,114.40,18
BUY,110.20,13
BUY,107.60,25
BUY,107.30,15
BUY,103.10,23
BUY,99.20,23
BUY,103.90,22
BUY,98.90,23
BUY,95.30,27
BUY,99.90,27
SELL,104.80,27
SELL,104.30,23
SELL,102.60,23
BUY,100.20,19
BUY,99.60,17
SELL,106.20,35
SELL,104.70,15
SELL,108.50,35
SELL,110.60,18
SELL,109.40,18
BUY,106.50,22
BUY,106.90,18
SELL,112.80,17
SELL,112.10,12
SELL,114.60,16
SELL,116.40,74
BUY,109.20,734
BUY,107.80,65
SELL,111.60,482
SELL,113.50,932
BUY,107.90,34
BUY,107.20,40
BUY,105.70,12
BUY,101.80,19
BUY,100.50,13
BUY,95.80,13
BUY,92.90,13
BUY,92.60,12
BUY,91.00,13
BUY,87.50,11
BUY,88.40,12
BUY,87.20,11
SELL,90.50,10
SELL,94.10,11
SELL,98.70,10
SELL,102.20,10
SELL,99.60,29
BUY,98.10,32
BUY,92.70,36
SELL,96.20,32
BUY,92.00,28
BUY,93.10,33
BUY,88.20,33
BUY,86.80,36
BUY,85.50,60
BUY,81.40,31
BUY,81.80,43
SELL,84.90,34
BUY,80.90,29
BUY,76.70,28
BUY,72.60,29
BUY,71.50,26
BUY,73.20,40
BUY,70.10,45
SELL,76.60,29
SELL,73.60,32
BUY,72.80,30
BUY,70.00,18
SELL,75.30,28
SELL,78.80,11
SELL,76.80,13
BUY,72.90,26
SELL,76.80,97
BUY,70.30,27
BUY,73.30,28
BUY,69.00,25
SELL,75.20,14
SELL,76.00,25
SELL,76.80,26
BUY,71.90,29
BUY,71.10,30
BUY,70.50,28
BUY,69.00,26
BUY,64.50,28
BUY,63.60,27
SELL,69.60,24
SELL,66.40,25
BUY,65.30,36
SELL,70.40,27
SELL,68.60,25
BUY,64.90,27
BUY,62.60,25
BUY,63.10,27
BUY,59.20,24
BUY,58.30,28
BUY,53.70,28
BUY,53.80,28
BUY,50.40,27
BUY,51.50,26
BUY,50.00,25
SELL,54.40,25
SELL,58.20,25
SELL,57.50,28
BUY,51.60,28
BUY,50.90,28
BUY,52.90,29
BUY,50.00,30
SELL,53.20,15
SELL,57.90,26
SELL,58.80,25
SELL,61.10,31
SELL,65.10,24
SELL,62.00,52
BUY,58.00,30
BUY,54.10,26
BUY,50.60,25
BUY,53.40,24
SELL,55.30,27
SELL,59.30,29
SELL,55.20,25
BUY,51.50,31
BUY,51.50,26
BUY,51.60,25
BUY,50.30,26
SELL,55.20,27
SELL,55.20,27
SELL,56.30,26
BUY,51.60,25
BUY,50.00,25
BUY,50.00,27
SELL,53.90,26
SELL,55.30,26
SELL,55.50,31
BUY,51.20,25
BUY,51.70,24
SELL,56.40,24
SELL,57.90,25
SELL,62.70,24
SELL,66.70,25
SELL,62.00,25
SELL,65.60,28
SELL,70.90,23
SELL,74.60,29
SELL,71.30,29
BUY,72.00,27
SELL,74.40,24
BUY,72.30,27
BUY,65.60,26
BUY,69.70,26
SELL,71.80,27
SELL,71.00,34
BUY,69.60,26
BUY,67.60,27
BUY,66.00,24
BUY,62.50,25
BUY,66.20,26
BUY,62.20,26
SELL,65.30,26
SELL,69.70,33
SELL,68.00,25
BUY,64.50,30
BUY,62.10,14
BUY,58.30,29
BUY,59.90,17
SELL,62.60,17
SELL,62.50,34
SELL,64.60,27
SELL,62.40,17
BUY,55.90,23
BUY,56.60,35
BUY,52.10,21
BUY,50.00,29
BUY,50.00,21
SELL,54.70,17
SELL,57.80,23
SELL,59.30,38
SELL,60.00,13
BUY,55.50,13
BUY,52.20,13
BUY,50.00,14
BUY,50.00,16
SELL,54.30,15
SELL,59.20,15
SELL,55.80,16
BUY,54.90,31
BUY,51.70,21
BUY,53.50,41
SELL,56.10,21
SELL,58.00,14
SELL,57.40,20
BUY,54.30,20
BUY,55.20,20
BUY,53.70,17
BUY,50.30,19
BUY,52.70,36
SELL,52.50,30
BUY,50.00,18
BUY,50.00,20
SELL,56.90,35
SELL,52.20,31
SELL,59.70,17
SELL,59.20,19
SELL,58.50,15
SELL,61.30,29
BUY,51.90,20
BUY,50.00,22
BUY,50.00,41
BUY,50.00,30
BUY,50.00,31
SELL,52.30,18
SELL,53.60,18
SELL,55.90,29
SELL,56.60,17
BUY,50.00,17
BUY,53.90,29
BUY,50.00,40
BUY,50.00,17
SELL,54.70,36
SELL,54.60,31
SELL,59.10,15
SELL,57.00,21
BUY,56.20,16
SELL,61.00,28
SELL,64.50,29
SELL,65.70,34
BUY,61.60,35
BUY,59.60,20
BUY,60.40,31
SELL,62.90,29
BUY,58.10,29
BUY,56.70,15
BUY,59.60,20
BUY,52.40,17
BUY,52.40,30
SELL,56.40,19
SELL,59.70,19
SELL,62.80,21
SELL,62.50,30
BUY,53.90,29
BUY,56.70,17
BUY,52.30,16
BUY,50.40,14
BUY,50.00,15
SELL,52.80,18
BUY,50.00,31
SELL,55.40,20
SELL,54.40,24
BUY,50.20,29
BUY,50.00,20
BUY,50.00,30
SELL,53.00,57
BUY,50.00,22
SELL,53.50,21
SELL,56.40,30
SELL,59.10,32
SELL,61.00,30
SELL,60.70,15
BUY,57.40,16
BUY,56.30,18
BUY,53.30,17
SELL,62.40,31
SELL,59.80,29
SELL,61.90,29
BUY,59.50,33
BUY,56.30,33
BUY,51.40,16
BUY,50.00,21
BUY,54.20,29
SELL,53.50,22
SELL,53.10,25
SELL,57.50,20
SELL,59.30,27
SELL,61.30,28
SELL,62.60,33
SELL,62.50,30
BUY,58.40,28
SELL,64.60,21
SELL,64.60,32
BUY,57.30,55
BUY,57.70,33
BUY,55.20,30
BUY,50.30,21
BUY,54.70,19
SELL,58.90,16
SELL,57.30,14
SELL,59.30,26
SELL,62.60,28
SELL,61.20,19
SELL,65.10,27
SELL,67.20,26
SELL,68.70,37
SELL,69.70,19
BUY,64.10,18
SELL,68.50,29
BUY,65.80,31
BUY,63.00,21
SELL,67.40,33
SELL,67.20,29
SELL,69.90,30
SELL,70.60,30
BUY,65.50,27
BUY,67.90,25
SELL,69.00,27
BUY,65.50,25
SELL,70.10,28
BUY,66.30,30
SELL,70.80,32
BUY,63.30,25
BUY,66.70,24
SELL,67.20,30
SELL,70.40,29
SELL,74.10,28
SELL,72.60,26
SELL,75.70,26
SELL,77.70,26
SELL,80.20,27
SELL,81.00,24
SELL,77.90,29
BUY,74.10,25
BUY,73.40,36
BUY,69.60,25
BUY,65.20,24
BUY,63.00,26
BUY,67.30,30
BUY,60.10,27
BUY,58.40,25
SELL,66.10,26
SELL,70.30,25
SELL,71.40,29
BUY,67.40,25
BUY,64.60,35
BUY,63.60,28
BUY,63.80,24
BUY,60.30,26
SELL,67.50,28
SELL,67.60,26
SELL,67.80,24
SELL,70.10,29
SELL,72.80,25
BUY,67.10,27
BUY,68.60,32
BUY,64.20,30
BUY,61.10,25
BUY,59.10,26
BUY,61.70,24
SELL,62.30,27
SELL,65.60,29
SELL,69.90,27
SELL,67.40,29
BUY,62.50,30
BUY,62.30,226
BUY,62.60,16
SELL,65.50,16
SELL,67.30,14
SELL,65.00,12
BUY,62.40,14
BUY,60.50,13
BUY,58.80,21
BUY,53.80,31
BUY,56.00,27
BUY,51.10,29
BUY,50.00,16
SELL,57.50,29
SELL,57.40,26
SELL,61.80,29
SELL,59.70,14
SELL,63.30,25
SELL,65.30,22
SELL,65.40,25
BUY,63.20,25
BUY,59.70,31
BUY,56.60,28
BUY,59.30,27
SELL,63.80,26
SELL,68.30,27
SELL,69.70,25
BUY,61.50,30
BUY,58.20,35
BUY,55.50,26
BUY,52.20,26
BUY,52.60,26
SELL,58.10,25
SELL,60.60,26
SELL,56.90,27
BUY,54.10,25
BUY,54.80,24
BUY,51.40,26
SELL,55.00,26
BUY,50.80,30
BUY,50.00,26
BUY,50.00,26
SELL,54.60,26
SELL,53.10,25
BUY,50.00,27
SELL,53.80,25
SELL,55.90,27
SELL,54.10,26
BUY,50.30,44
BUY,50.00,44
SELL,55.20,27
SELL,58.80,27
SELL,54.50,54
SELL,58.70,25
BUY,53.70,31
BUY,50.00,16
BUY,51.50,38
BUY,50.90,14
SELL,53.90,13
SELL,57.60,13
SELL,59.20,11
SELL,60.60,12
SELL,64.70,12
SELL,68.80,10
SELL,67.80,9
SELL,68.40,11
SELL,74.00,28
SELL,78.70,31
SELL,74.60,25
BUY,73.10,27
SELL,81.50,26
SELL,78.40,24
SELL,79.70,26
SELL,82.30,28
SELL,84.90,27
SELL,83.20,29
SELL,87.90,27
SELL,92.20,29
SELL,87.50,25
BUY,83.30,24
BUY,85.70,24
BUY,80.60,28
BUY,83.70,26
SELL,87.30,28
SELL,84.80,29
SELL,86.70,26
BUY,84.20,25
SELL,93.40,29
SELL,90.50,26
BUY,87.90,27
SELL,90.70,27
SELL,91.00,26
SELL,91.30,26
SELL,93.80,25
SELL,96.90,25
SELL,97.40,24
SELL,98.60,25
BUY,93.20,26
BUY,94.50,29
BUY,94.20,26
BUY,91.10,27
BUY,88.20,26
SELL,95.20,26
SELL,99.80,25
SELL,97.70,25
BUY,92.80,28
BUY,93.40,24
BUY,91.40,27
SELL,95.40,23
SELL,99.70,26
BUY,92.00,25
BUY,93.10,22
SELL,97.00,31
SELL,99.80,26
SELL,103.40,24
SELL,101.40,27
BUY,99.20,30
BUY,98.10,28
BUY,96.30,26
BUY,96.40,26
BUY,93.70,29
SELL,96.10,26
BUY,94.80,26
BUY,93.40,25
BUY,88.60,24
BUY,91.40,31
BUY,88.70,29
SELL,92.50,26
SELL,94.90,28
SELL,90.80,24
SELL,95.40,25
BUY,92.70,26
SELL,93.90,24
BUY,91.20,27
SELL,94.20,25
SELL,96.60,25
BUY,91.90,35
BUY,92.60,26
SELL,97.60,28
SELL,102.00,27
SELL,99.70,24
SELL,100.30,26
BUY,98.90,27
BUY,95.50,27
BUY,95.20,24
BUY,91.50,26
SELL,96.60,58
SELL,97.30,28
BUY,92.30,29
BUY,90.90,34
BUY,87.20,35
BUY,85.50,15
BUY,88.00,15
BUY,84.00,15
BUY,78.20,27
BUY,73.90,27
BUY,76.20,31
BUY,74.90,30
SELL,79.50,27
SELL,80.00,28
SELL,77.40,26
BUY,74.80,28
BUY,73.10,30
BUY,74.20,28
SELL,77.00,28
SELL,79.60,24
BUY,72.40,28
BUY,76.30,16
SELL,75.70,30
SELL,78.90,19
SELL,79.90,31
SELL,77.60,32
BUY,76.10,26
BUY,73.70,27
BUY,69.80,29
BUY,72.80,27
BUY,69.00,25
BUY,64.90,27
BUY,68.90,28
SELL,72.20,33
SELL,71.70,21
BUY,68.90,30
BUY,67.70,32
SELL,72.20,26
SELL,71.20,27
SELL,71.20,28
BUY,68.00,28
SELL,75.30,26
SELL,77.70,27
SELL,81.40,27
SELL,80.60,54
SELL,84.40,36
SELL,84.60,23
BUY,80.10,17
BUY,78.50,19
BUY,75.50,17
BUY,75.10,18
BUY,70.40,29
BUY,67.40,35
BUY,67.40,33
SELL,71.10,29
SELL,70.30,17
SELL,72.30,19
BUY,66.80,17
BUY,65.30,24
BUY,68.00,16
SELL,68.10,28
SELL,70.50,19
SELL,73.50,33
SELL,77.50,16
SELL,82.10,15
SELL,77.70,18
SELL,80.80,21
BUY,80.10,17
SELL,82.30,20
SELL,87.20,19
SELL,91.90,25
SELL,87.40,20
SELL,93.90,20
SELL,98.40,19
SELL,101.00,18
SELL,104.30,35
SELL,107.50,19
SELL,105.20,19
SELL,110.20,19
SELL,108.10,17
SELL,112.60,165
SELL,117.20,25
SELL,118.30,23
SELL,116.40,17
BUY,113.90,13
BUY,109.50,12
BUY,112.40,12
SELL,111.80,15
BUY,109.70,12
SELL,115.30,22
BUY,112.30,12
SELL,115.50,7
SELL,116.20,9
SELL,117.50,17
BUY,113.20,6
SELL,120.50,6
SELL,120.60,5
SELL,125.00,26
BUY,118.20,7
BUY,118.60,7
BUY,114.20,11
BUY,111.10,11
BUY,107.80,22
BUY,111.10,11
SELL,108.80,10
SELL,113.90,23
SELL,111.80,11
SELL,113.30,10
BUY,108.80,11
SELL,115.20,22
SELL,119.90,15
SELL,122.80,15
SELL,124.60,14
SELL,125.90,22
BUY,119.90,10
BUY,116.90,9
BUY,116.30,12
SELL,121.10,21
SELL,119.10,20
BUY,116.00,19
BUY,117.90,20
SELL,121.70,13
SELL,119.60,26
BUY,118.00,29
BUY,114.50,11
BUY,111.30,18
BUY,110.80,19
BUY,110.60,23
SELL,114.10,20
BUY,106.20,10
BUY,107.90,22
BUY,103.40,29
BUY,99.80,9
BUY,100.20,9
BUY,98.70,9
SELL,104.90,9
SELL,105.70,21
SELL,104.60,31
BUY,102.30,10
BUY,102.10,20
BUY,101.50,30
SELL,107.00,13
SELL,111.00,22
SELL,113.70,20
SELL,109.10,28
SELL,115.40,11
BUY,109.70,22
SELL,115.90,9
SELL,117.90,10
SELL,118.20,11
SELL,118.50,79
BUY,114.10,20
BUY,116.40,20
SELL,119.60,30
SELL,121.70,20
BUY,112.20,14
BUY,112.70,21
BUY,109.80,26
BUY,109.10,35
SELL,116.40,23
SELL,112.20,24
SELL,116.40,12
SELL,115.80,30
SELL,120.60,22
SELL,120.30,21
SELL,124.80,12
SELL,126.50,21
SELL,129.80,21
SELL,132.40,23
SELL,131.70,21
BUY,129.00,33
BUY,128.60,21
SELL,134.30,19
SELL,132.70,20
SELL,140.20,20
SELL,144.00,21
SELL,139.40,19
SELL,146.90,23
SELL,143.60,37
SELL,149.40,35
SELL,150.00,29
SELL,148.80,30
BUY,145.80,30
BUY,143.70,28
BUY,139.40,27
BUY,135.80,22
BUY,132.50,14
BUY,130.00,29
BUY,128.80,11
BUY,126.40,25
BUY,125.90,32
BUY,126.60,31
BUY,124.10,27
BUY,119.80,29
BUY,122.70,37
SELL,121.90,27
SELL,125.90,30
SELL,127.40,19
SELL,124.90,31
SELL,129.30,29
SELL,133.60,17
SELL,135.00,26
SELL,136.30,19
BUY,129.30,25
BUY,131.50,28
BUY,130.50,24
BUY,128.70,31
BUY,126.90,27
SELL,130.80,26
SELL,133.20,24
SELL,132.20,25
SELL,134.80,30
SELL,138.70,24
BUY,130.90,24
BUY,132.70,25
SELL,136.30,29
SELL,137.90,31
SELL,139.10,35
SELL,141.50,32
SELL,146.30,27
SELL,143.40,27
BUY,137.60,25
BUY,135.30,26
BUY,134.40,25
BUY,130.30,32
BUY,131.10,25
BUY,129.60,25
SELL,133.30,30
BUY,130.60,29
SELL,135.00,33
BUY,130.30,27
BUY,128.80,28
BUY,125.40,29
BUY,120.80,28
BUY,124.10,26
BUY,118.90,30
BUY,118.30,30
BUY,114.10,26
BUY,115.00,27
BUY,110.50,29
SELL,119.10,27
SELL,115.60,26
BUY,113.50,26
BUY,109.80,28
BUY,109.10,25
BUY,103.50,46
BUY,106.90,26
BUY,98.80,29
BUY,102.10,25
SELL,105.40,27
SELL,109.00,26
SELL,110.30,29
SELL,108.60,31
SELL,113.70,22
BUY,111.40,29
SELL,113.80,29
SELL,117.90,26
SELL,119.20,27
SELL,123.50,570
SELL,123.60,31
SELL,126.00,45
SELL,130.10,43
SELL,132.80,30
SELL,136.70,41
SELL,141.40,33
SELL,139.30,29
BUY,137.40,28
BUY,134.10,29
BUY,130.40,28
BUY,135.00,34
BUY,127.70,28
BUY,131.50,27
BUY,125.70,30
BUY,122.30,26
BUY,123.80,26
SELL,128.70,28
BUY,124.60,28
BUY,121.40,25
BUY,120.80,24
BUY,121.40,30
SELL,124.50,33
SELL,125.30,27
SELL,128.50,26
SELL,130.20,26
SELL,130.40,30
SELL,136.10,27
SELL,132.80,30
BUY,128.40,29
SELL,136.10,27
SELL,137.10,28
SELL,137.70,27
SELL,141.90,26
BUY,132.00,29
BUY,131.50,26
BUY,132.00,27
BUY,132.20,31
SELL,136.90,26
SELL,139.80,28
SELL,144.70,26
SELL,139.90,26
SELL,143.20,30
BUY,142.40,33
BUY,134.30,27
BUY,130.80,236
BUY,129.50,31
BUY,126.00,29
BUY,123.90,28
BUY,121.30,28
BUY,117.80,27
BUY,119.40,26
SELL,126.20,25
SELL,127.20,26
SELL,130.00,26
SELL,132.90,29
SELL,135.00,28
SELL,132.40,26
SELL,137.60,28
SELL,138.40,26
SELL,138.80,27
BUY,135.30,32
BUY,131.10,24
BUY,128.20,27
BUY,124.00,28
BUY,123.50,27
BUY,123.70,30
SELL,128.20,26
BUY,120.30,25
BUY,121.30,25
SELL,123.70,27
BUY,119.70,26
BUY,114.80,24
BUY,115.80,24
BUY,114.30,28
BUY,111.30,26
BUY,110.30,24
BUY,105.80,27
BUY,101.60,24
BUY,104.30,24
BUY,101.70,28
SELL,105.30,23
BUY,99.30,27
BUY,102.40,28
SELL,107.00,27
SELL,105.80,27
BUY,101.10,31
BUY,96.80,30
BUY,94.00,24
BUY,90.30,27
SELL,98.20,30
SELL,103.00,27
SELL,103.70,23
BUY,99.30,27
SELL,103.20,31
BUY,99.20,31
SELL,101.60,32
SELL,106.10,14
SELL,103.90,32
SELL,108.00,22
SELL,110.80,33
SELL,115.10,30
SELL,112.10,25
SELL,113.90,27
BUY,110.40,27
BUY,110.40,29
SELL,115.80,27
SELL,120.30,42
SELL,117.20,35
SELL,121.50,18
BUY,117.10,29
BUY,112.60,25
BUY,110.70,35
BUY,113.50,28
BUY,107.30,33
BUY,111.00,28
BUY,109.20,22
SELL,111.60,26
SELL,115.00,29
SELL,117.00,33
SELL,117.30,32
SELL,117.40,16
SELL,121.20,13
BUY,118.90,15
SELL,124.90,17
SELL,127.60,19
SELL,125.50,16
SELL,129.50,17
SELL,130.50,18
SELL,130.60,19
BUY,125.40,32
BUY,124.30,33
BUY,123.30,28
SELL,127.40,17
SELL,126.00,31
BUY,121.50,18
BUY,117.60,17
BUY,121.00,16
SELL,124.00,16
SELL,124.90,18
SELL,123.80,16
SELL,128.60,20
SELL,130.80,219
SELL,133.20,22
SELL,137.20,28
SELL,138.80,23
SELL,138.00,22
BUY,135.20,15
BUY,132.30,51
BUY,133.30,13
BUY,131.70,10
SELL,135.70,12
BUY,127.50,24
BUY,129.00,20
BUY,128.80,15
SELL,131.20,10
SELL,133.20,12
SELL,134.70,11
SELL,135.50,13
BUY,130.70,14
BUY,126.70,12
BUY,123.60,34
BUY,119.60,25
BUY,118.30,22
SELL,120.90,10
BUY,116.70,10
BUY,116.70,20
BUY,115.00,17
BUY,111.90,13
BUY,110.60,11
BUY,108.80,10
SELL,117.50,21
SELL,113.50,26
BUY,109.60,26
BUY,105.10,22
BUY,105.90,15
BUY,101.60,31
BUY,101.90,11
SELL,105.70,9
BUY,96.60,9
BUY,93.00,16
BUY,94.90,12
BUY,93.80,21
BUY,90.20,20
SELL,98.40,21
SELL,98.20,15
SELL,99.90,7
BUY,96.20,9
SELL,99.20,10
SELL,101.20,11
SELL,104.50,51
SELL,105.10,27
SELL,106.90,24
BUY,99.50,10
BUY,96.70,26
BUY,95.40,25
SELL,102.40,9
SELL,107.00,23
SELL,103.70,23
BUY,103.60,9
SELL,105.90,10
SELL,108.00,10
SELL,110.30,23
BUY,103.00,22
BUY,107.20,22
SELL,111.50,29
SELL,111.70,9
SELL,115.60,24
BUY,105.00,9
BUY,109.80,9
BUY,106.50,13
SELL,109.90,21
SELL,109.20,20
SELL,114.50,20
BUY,111.50,33
BUY,105.70,10
BUY,107.40,24
BUY,108.10,24
BUY,104.90,28
BUY,103.00,23
BUY,98.30,25
BUY,95.30,23
BUY,93.00,10
BUY,94.40,23
BUY,90.00,25
BUY,87.90,11
BUY,87.10,10
BUY,83.70,12
SELL,91.00,21
BUY,88.00,23
SELL,92.70,12
SELL,96.80,10
SELL,94.60,10
BUY,88.50,23
BUY,85.80,22
BUY,83.40,24
SELL,89.10,21
SELL,92.00,21
SELL,95.40,11
SELL,94.60,21
SELL,98.60,21
SELL,103.30,21
SELL,101.10,10
BUY,96.50,10
BUY,95.90,12
BUY,93.60,20
BUY,92.40,26
SELL,98.30,22
SELL,99.00,21
BUY,93.20,11
BUY,94.30,23
SELL,100.20,11
SELL,99.60,12
BUY,93.70,25
BUY,92.20,22
BUY,87.30,22
BUY,86.20,20
BUY,83.50,20
BUY,80.80,23
BUY,82.20,22
SELL,86.30,21
SELL,87.10,19
SELL,88.00,33
BUY,84.80,21
BUY,85.00,20
BUY,83.30,20
BUY,79.10,20
BUY,78.20,19
BUY,75.30,20
SELL,82.10,11
SELL,80.10,21
SELL,83.20,21
SELL,85.80,25
BUY,77.80,10
BUY,78.20,11
SELL,84.90,27
SELL,81.40,24
SELL,88.10,10
SELL,91.70,24
SELL,93.10,26
SELL,92.80,10
BUY,88.40,13
BUY,87.20,22
BUY,84.90,20
BUY,80.10,19
BUY,78.20,23
BUY,81.10,23
SELL,81.40,21
BUY,78.10,11
BUY,76.90,21
BUY,76.00,36
BUY,75.20,12
BUY,70.40,11
BUY,71.90,12
BUY,65.70,20
BUY,60.90,19
BUY,60.20,19
BUY,62.50,22
SELL,65.50,11
SELL,64.10,19
BUY,59.30,20
BUY,60.70,67
BUY,60.50,119
BUY,56.80,22
BUY,52.30,24
BUY,52.40,21
BUY,50.00,20
BUY,51.50,19
SELL,56.40,13
SELL,57.30,33
SELL,58.00,11
SELL,62.00,11
SELL,61.30,12
SELL,64.50,21
SELL,67.70,19
BUY,61.90,21
BUY,65.30,20
SELL,66.40,19
BUY,60.00,14
BUY,57.70,22
BUY,55.50,20
BUY,51.20,19
BUY,51.00,19
BUY,50.00,19
SELL,53.70,15
SELL,52.20,17
BUY,50.00,22
SELL,56.40,34
SELL,57.80,26
SELL,58.30,17
BUY,54.80,32
BUY,51.80,31
BUY,55.80,32
BUY,50.90,13
BUY,50.00,15
SELL,52.30,21
SELL,53.70,29
BUY,50.00,16
BUY,50.00,28
SELL,53.20,43
SELL,52.60,17
SELL,56.10,32
SELL,58.00,30
SELL,55.30,27
SELL,60.40,22
SELL,58.10,30
SELL,60.00,31
BUY,58.90,27
BUY,55.90,30
BUY,56.00,28
BUY,53.70,29
BUY,52.80,29
BUY,53.00,27
SELL,58.40,30
SELL,62.20,26
SELL,57.90,27
BUY,56.20,26
BUY,54.40,29
BUY,52.80,25
BUY,51.00,25
BUY,50.00,24
BUY,50.00,24
SELL,53.50,29
SELL,55.50,28
SELL,52.40,26
BUY,50.00,27
BUY,51.50,26
SELL,54.80,28
BUY,51.20,27
SELL,54.60,30
BUY,51.30,27
SELL,56.00,32
SELL,56.70,29
SELL,60.70,27
SELL,62.50,36
BUY,55.90,29
BUY,58.10,30
BUY,55.40,83
BUY,52.60,31
BUY,50.00,20
BUY,51.80,13
BUY,50.00,22
SELL,53.60,29
SELL,53.20,28
SELL,57.60,29
SELL,58.90,28
SELL,62.20,30
SELL,61.60,30
SELL,67.60,27
SELL,65.80,32
SELL,67.70,63
BUY,63.40,19
SELL,67.80,21
BUY,64.30,31
SELL,73.50,22
SELL,71.10,18
BUY,69.50,30
BUY,66.00,47
BUY,67.80,15
SELL,71.90,17
SELL,76.80,32
SELL,78.90,18
SELL,80.80,32
BUY,76.50,29
SELL,78.80,27
SELL,83.00,24
SELL,79.10,28
BUY,71.90,29
BUY,68.10,31
BUY,71.00,27
SELL,71.80,26
BUY,69.70,29
SELL,79.10,27
SELL,83.60,26
SELL,79.20,25
SELL,83.30,26
BUY,79.40,47
SELL,81.70,30
BUY,75.80,37
BUY,71.10,26
BUY,74.10,26
BUY,69.90,26
BUY,70.90,27
SELL,73.90,26
SELL,78.80,27
SELL,83.10,31
SELL,83.00,26
SELL,82.30,27
BUY,79.10,28
BUY,78.70,30
SELL,83.70,30
SELL,86.80,45
SELL,89.40,17
SELL,87.40,13
BUY,83.70,14
BUY,83.50,18
SELL,88.20,11
SELL,89.40,19
SELL,90.50,19
BUY,85.30,20
BUY,84.10,19
BUY,81.60,28
BUY,80.90,15
BUY,79.00,15
BUY,78.20,16
BUY,75.70,17
BUY,73.60,16
BUY,76.60,14
SELL,78.90,15
SELL,79.60,16
SELL,80.20,19
BUY,73.40,15
BUY,73.60,34
SELL,77.40,16
SELL,76.20,16
BUY,72.30,32
BUY,73.90,28
SELL,78.30,18
SELL,77.40,19
SELL,82.00,19
SELL,77.90,17
SELL,82.50,32
SELL,80.40,29
BUY,78.00,19
BUY,73.30,16
BUY,68.70,16
BUY,68.30,18
BUY,68.80,18
SELL,71.30,21
BUY,66.60,34
SELL,73.70,19
SELL,70.30,18
SELL,73.00,30
SELL,77.10,37
SELL,80.40,23
SELL,77.40,21
SELL,82.30,16
SELL,86.30,19
SELL,85.50,31
BUY,80.20,31
BUY,81.40,23
SELL,84.30,20
SELL,85.80,22
SELL,90.70,30
SELL,90.70,25
SELL,93.50,25
SELL,96.10,16
BUY,90.80,35
SELL,94.70,49
BUY,90.40,20
BUY,89.80,30
SELL,97.00,16
SELL,99.80,25
SELL,100.40,15
SELL,104.60,27
SELL,106.20,18
BUY,96.80,29
BUY,100.90,29
SELL,106.30,21
SELL,105.90,17
SELL,107.90,27
BUY,101.30,27
BUY,105.30,23
SELL,108.70,19
SELL,109.50,22
SELL,111.60,32
SELL,115.20,17
SELL,119.90,39
SELL,123.80,17
SELL,122.30,18
BUY,116.80,30
BUY,117.20,16
SELL,121.00,33
SELL,120.30,33
BUY,117.60,27
BUY,113.00,65
BUY,113.60,32
BUY,110.00,33
BUY,106.20,32
BUY,108.10,36
SELL,109.50,48
SELL,112.60,34
SELL,111.10,21
SELL,117.00,28
SELL,114.80,20
BUY,110.70,16
BUY,108.50,16
BUY,112.30,13
SELL,115.30,27
SELL,115.30,25
BUY,111.80,24
BUY,109.10,26
SELL,114.10,63
SELL,115.90,25
SELL,117.00,25
SELL,120.90,27
SELL,119.30,27
SELL,123.60,27
SELL,120.60,30
BUY,116.90,30
BUY,116.10,28
BUY,113.70,29
BUY,113.70,30
BUY,108.10,27
BUY,104.50,32
BUY,108.50,28
BUY,105.40,30
BUY,100.60,27
BUY,99.00,29
BUY,101.50,25
SELL,105.70,24
SELL,103.90,22
SELL,108.30,24
SELL,110.20,24
SELL,109.50,25
BUY,106.90,33
SELL,112.80,28
SELL,117.10,27
SELL,118.70,36
SELL,123.10,27
SELL,126.50,27
SELL,127.30,29
SELL,127.20,28
SELL,131.40,26
SELL,131.80,26
SELL,129.70,27
BUY,129.20,24
BUY,128.90,29
SELL,134.10,25
SELL,138.70,28
SELL,143.40,27
SELL,143.00,26
SELL,142.00,27
BUY,137.60,24
BUY,132.60,29
BUY,131.90,26
BUY,135.00,27
BUY,130.60,28
BUY,125.80,37
BUY,130.00,26
BUY,126.10,27
SELL,127.90,25
SELL,129.10,35
SELL,133.90,26
SELL,136.00,30
SELL,140.20,28
SELL,135.60,26
BUY,137.50,28
SELL,142.00,26
SELL,145.10,27
SELL,146.40,25
SELL,148.20,25
SELL,149.60,27
SELL,150.00,26
BUY,142.90,31
BUY,139.40,25
BUY,137.00,33
BUY,140.60,26
BUY,132.70,25
BUY,132.70,24
BUY,133.60,27
BUY,130.60,26
SELL,135.30,29
SELL,138.20,26
SELL,135.00,26
BUY,131.70,26
BUY,132.40,26
BUY,130.40,25
BUY,127.50,26
BUY,127.60,26
BUY,124.70,24
SELL,129.80,25
SELL,130.40,28
SELL,132.90,25
BUY,128.30,25
BUY,128.10,24
BUY,127.20,30
BUY,124.10,25
BUY,121.70,25
BUY,118.30,26
BUY,120.30,26
SELL,123.00,31
SELL,125.80,26
SELL,125.80,26
BUY,123.70,26
SELL,127.00,27
SELL,130.70,26
SELL,134.40,25
SELL,132.50,25
SELL,133.40,26
SELL,136.90,26
SELL,141.80,32
SELL,138.70,28
SELL,140.80,29
BUY,138.30,30
SELL,142.00,26
SELL,146.80,25
SELL,146.60,27
SELL,145.30,25
BUY,142.90,24
BUY,140.00,33
BUY,137.80,28
SELL,143.50,14
SELL,141.20,17
SELL,145.70,24
SELL,143.80,18
SELL,147.80,15
SELL,150.00,27
SELL,148.00,24
BUY,145.30,26
BUY,142.00,26
BUY,139.90,27
BUY,135.60,22
BUY,138.90,16
BUY,137.80,14
SELL,140.20,15
SELL,142.20,13
SELL,147.20,11
SELL,149.80,11
SELL,150.00,8
SELL,150.00,8
BUY,144.40,11
BUY,143.80,11
BUY,140.10,6
BUY,136.30,42
BUY,134.00,5
BUY,134.00,5
BUY,133.20,6
SELL,136.70,6
SELL,138.80,5
SELL,138.70,5
SELL,139.10,5
SELL,140.90,5
SELL,141.90,12
SELL,146.50,7
SELL,147.40,6
SELL,149.70,6
SELL,150.00,5
SELL,150.00,6
BUY,146.70,6
BUY,143.80,6
BUY,142.10,5
BUY,140.00,4
SELL,148.40,5
SELL,150.00,4
SELL,148.10,4
BUY,144.20,4
BUY,146.10,4
SELL,150.00,6
SELL,150.00,4
SELL,149.50,5
BUY,146.80,5
BUY,147.30,5
SELL,149.40,5
SELL,150.00,4
BUY,147.40,5
BUY,146.80,5
SELL,150.00,5
BUY,143.80,10
BUY,142.60,7
BUY,141.90,7
BUY,137.20,7
BUY,133.40,8
BUY,129.50,7
BUY,134.10,7
SELL,136.30,7
SELL,137.60,7
SELL,142.20,7
SELL,139.90,7
SELL,141.40,7
BUY,136.70,7
BUY,133.60,7
BUY,132.90,7
BUY,130.00,8
BUY,129.90,7
BUY,127.80,7
BUY,126.60,7
SELL,132.80,6
SELL,129.40,7
BUY,128.70,8
SELL,131.10,8
SELL,133.80,7
SELL,133.60,7
SELL,136.60,7
SELL,137.60,7
SELL,136.40,7
SELL,140.60,6
SELL,141.70,7
SELL,144.80,7
SELL,144.00,7
SELL,143.50,7
BUY,138.90,7
BUY,141.80,7
SELL,146.20,35
SELL,147.70,32
SELL,148.00,26
BUY,143.50,28
BUY,145.40,31
BUY,138.20,15
BUY,138.80,16
BUY,134.80,14
SELL,142.60,11
SELL,138.20,31
SELL,142.50,30
SELL,144.70,31
SELL,141.20,31
SELL,146.10,27
BUY,141.60,13
BUY,141.50,14
BUY,137.30,37
BUY,134.30,27
BUY,134.70,29
BUY,131.90,27
BUY,131.50,21
BUY,132.40,49
SELL,137.00,30
SELL,134.80,39
SELL,135.00,28
BUY,131.60,27
BUY,132.30,26
SELL,139.80,27
SELL,144.10,31
SELL,139.40,30
BUY,139.30,26
BUY,134.30,26
BUY,131.20,25
BUY,128.30,31
SELL,132.20,29
BUY,128.70,28
BUY,128.60,31
SELL,131.60,31
BUY,127.50,22
BUY,126.20,28
BUY,123.50,14
BUY,121.20,20
SELL,126.50,32
SELL,130.00,35
SELL,128.40,20
SELL,132.60,21
SELL,132.80,21
SELL,136.10,29
SELL,140.50,20
SELL,144.10,20
SELL,144.30,20
SELL,148.60,31
SELL,150.00,15
BUY,146.30,14
SELL,149.80,19
SELL,150.00,19
BUY,144.00,34
BUY,139.10,21
BUY,143.10,30
SELL,141.60,27
SELL,146.00,27
SELL,149.70,27
SELL,150.00,43
SELL,148.10,27
BUY,146.80,31
SELL,150.00,16
BUY,147.50,17
BUY,145.50,32
BUY,142.00,29
BUY,144.00,31
BUY,140.10,32
BUY,138.40,31
BUY,138.00,31
BUY,137.50,17
BUY,134.50,15
BUY,129.40,33
BUY,127.70,32
BUY,122.80,28
BUY,125.50,36
SELL,127.30,28
SELL,130.40,21
SELL,132.30,25
SELL,132.00,23
SELL,135.40,35
SELL,138.50,17
SELL,136.70,32
BUY,134.00,29
BUY,133.70,19
BUY,131.00,28
BUY,127.50,26
BUY,128.60,27
BUY,125.50,35
BUY,124.50,18
BUY,125.70,16
SELL,128.00,27
SELL,130.70,33
SELL,129.20,30
BUY,127.00,28
BUY,124.60,33
BUY,125.50,14
BUY,122.80,30
BUY,123.20,24
SELL,124.90,34
SELL,127.30,12
SELL,130.20,27
SELL,135.10,26
SELL,131.80,27
SELL,132.90,37
SELL,137.20,103
SELL,137.70,18
BUY,135.10,18
SELL,137.40,34
BUY,133.10,30
BUY,128.20,16
BUY,131.20,29
SELL,134.00,24
SELL,135.30,37
SELL,140.10,28
SELL,144.30,14
SELL,148.30,16
SELL,145.30,29
BUY,143.60,31
BUY,142.60,30
SELL,146.70,27
SELL,147.20,25
SELL,150.00,30
SELL,150.00,30
SELL,150.00,24
BUY,146.50,44
BUY,146.50,15
SELL,150.00,56
SELL,150.00,21
BUY,145.90,23
SELL,150.00,33
BUY,146.20,57
SELL,150.00,28
BUY,145.40,37
BUY,144.00,30
SELL,148.60,50
BUY,143.80,19
BUY,139.30,19
BUY,137.00,31
BUY,133.80,35
BUY,129.30,32
BUY,130.60,30
SELL,133.60,19
SELL,133.50,30
BUY,131.80,16
BUY,127.60,29
BUY,126.20,31
BUY,124.30,29
BUY,122.00,29
BUY,118.70,29
BUY,117.30,28
BUY,115.90,28
BUY,111.80,27
BUY,110.70,26
BUY,106.50,28
BUY,108.30,24
BUY,108.90,60
SELL,112.30,29
SELL,111.50,27
BUY,105.20,37
BUY,106.10,30
SELL,109.70,31
BUY,106.20,16
BUY,104.60,17
BUY,100.20,16
BUY,100.20,28
BUY,96.20,27
BUY,91.90,28
BUY,94.40,30
BUY,91.40,29
BUY,87.20,43
BUY,84.30,29
BUY,80.00,29
BUY,84.90,30
SELL,86.70,29
BUY,82.40,20
BUY,82.40,25
BUY,77.40,28
BUY,76.00,28
BUY,78.80,26
SELL,81.90,27
BUY,74.90,27
BUY,77.10,24
SELL,79.60,27
BUY,77.10,26
BUY,74.00,26
SELL,77.00,27
SELL,81.80,25
SELL,82.40,28
SELL,83.20,25
SELL,85.80,24
SELL,85.90,30
BUY,83.80,26
BUY,82.80,26
BUY,78.10,27
BUY,80.40,24
BUY,79.00,28
SELL,82.60,24
SELL,82.80,26
SELL,87.70,24
SELL,89.50,25
SELL,90.70,25
BUY,86.90,30
SELL,88.30,24
BUY,84.20,26
BUY,83.70,24
BUY,80.30,24
BUY,76.20,28
BUY,77.30,25
SELL,81.20,26
BUY,75.50,26
BUY,71.60,25
BUY,72.20,35
BUY,73.20,30
SELL,78.10,27
SELL,82.80,23
SELL,82.00,25
BUY,74.90,31
BUY,74.30,71
BUY,70.00,27
SELL,77.10,28
SELL,80.10,25
SELL,80.80,31
SELL,83.60,25
SELL,82.60,24
BUY,78.50,29
BUY,79.70,25
BUY,77.00,65
BUY,72.70,30
BUY,70.30,26
BUY,69.00,25
BUY,67.60,28
BUY,63.20,25
BUY,63.40,27
BUY,61.40,24
BUY,58.10,28
BUY,56.70,26
BUY,53.30,25
BUY,50.00,24
BUY,50.00,30
SELL,57.60,26
SELL,53.80,25
BUY,55.40,28
BUY,50.00,26
SELL,52.60,25
BUY,50.00,26
BUY,50.00,32
SELL,55.00,25
SELL,55.70,26
SELL,60.10,42
SELL,58.20,28
BUY,56.60,37
BUY,52.30,27
BUY,50.00,27
BUY,52.50,27
SELL,56.70,26
SELL,55.30,29
BUY,50.30,27
BUY,50.00,26
BUY,50.00,26
SELL,52.50,26
SELL,57.20,31
SELL,53.00,24
SELL,57.60,25
BUY,53.50,28
BUY,50.10,25
BUY,52.80,24
SELL,52.70,27
BUY,50.30,29
SELL,54.60,29
BUY,51.10,28
BUY,51.60,26
SELL,56.00,23
SELL,58.00,32
SELL,56.60,26
BUY,52.90,24
BUY,52.10,24
BUY,51.20,23
BUY,50.00,25
BUY,50.00,21
BUY,50.00,29
SELL,55.80,28
SELL,57.50,26
SELL,54.80,27
BUY,53.60,26
BUY,50.70,26
BUY,50.60,27
SELL,54.10,27
SELL,55.60,37
SELL,57.70,27
SELL,59.80,29
SELL,63.10,27
SELL,60.80,29
SELL,62.60,27
SELL,66.40,27
BUY,60.50,25
BUY,57.90,24
BUY,58.60,26
BUY,57.50,26
SELL,62.30,25
SELL,62.40,26
SELL,66.00,24
BUY,60.80,30
SELL,65.80,26
SELL,68.70,26
SELL,72.80,26
SELL,71.50,26
BUY,69.60,25
BUY,63.70,37
BUY,62.20,17
BUY,58.20,28
BUY,55.60,15
BUY,52.50,14
BUY,53.20,20
SELL,58.80,22
SELL,61.40,29
BUY,55.50,31
BUY,53.60,25
SELL,59.40,19
SELL,57.00,30
BUY,56.70,30
BUY,52.10,20
BUY,51.30,29
BUY,50.00,27
BUY,50.00,28
SELL,52.10,25
SELL,54.40,26
SELL,57.50,29
SELL,59.40,26
SELL,57.70,30
SELL,59.80,28
SELL,62.90,28
SELL,66.50,27
SELL,67.70,30
BUY,59.60,25
BUY,58.70,28
BUY,57.50,26
SELL,61.00,26
SELL,63.90,29
SELL,67.10,28
SELL,70.10,25
SELL,70.70,24
SELL,75.60,35
SELL,76.50,28
SELL,76.30,23
BUY,74.10,33
SELL,79.00,18
SELL,80.50,16
SELL,85.20,33
SELL,84.10,55
SELL,87.40,19
BUY,82.20,18
BUY,82.80,34
BUY,79.80,31
BUY,81.70,33
SELL,82.80,18
SELL,84.50,20
SELL,84.60,20
BUY,80.60,29
BUY,77.10,16
BUY,78.50,29
SELL,82.50,22
SELL,81.50,19
SELL,85.20,30
BUY,80.70,31
BUY,77.80,21
BUY,79.50,18
SELL,79.90,19
BUY,76.10,32
BUY,76.70,29
SELL,81.40,20
BUY,73.00,32
BUY,70.70,34
BUY,67.40,17
BUY,64.40,22
BUY,60.20,22
BUY,56.20,18
BUY,57.30,17
SELL,62.60,36
SELL,66.60,21
SELL,67.40,17
BUY,61.00,15
BUY,60.20,28
BUY,58.50,21
BUY,54.60,19
BUY,55.30,17
BUY,55.60,19
BUY,52.00,19
BUY,50.00,18
BUY,50.00,35
SELL,54.10,32
SELL,52.50,17
BUY,50.00,19
BUY,50.00,34
SELL,54.10,31
SELL,54.00,32
SELL,55.00,19
SELL,57.10,35
SELL,59.00,41
SELL,60.20,22
SELL,61.00,24
BUY,56.70,20
BUY,52.40,37
BUY,57.10,21
SELL,58.30,16
SELL,54.50,30
BUY,50.90,26
BUY,50.00,26
BUY,52.50,19
SELL,54.90,15
SELL,55.70,32
SELL,57.60,30
BUY,52.00,19
BUY,53.70,17
SELL,60.30,30
SELL,60.00,34
SELL,62.90,16
BUY,57.90,18
BUY,56.60,19
BUY,53.90,15
BUY,50.90,34
BUY,50.00,28
BUY,50.50,33
SELL,52.70,18
SELL,56.80,18
SELL,56.70,35
BUY,51.90,31
BUY,52.10,29
BUY,50.00,30
SELL,54.50,24
SELL,56.60,34
BUY,50.00,19
BUY,53.60,16
SELL,57.70,21
SELL,52.70,25
BUY,50.00,30
BUY,50.00,21
SELL,52.10,18
SELL,54.20,16
SELL,56.40,28
SELL,59.90,25
SELL,59.90,34
SELL,60.70,30
SELL,62.70,13
SELL,63.10,14
BUY,54.50,13
BUY,50.50,14
BUY,52.90,15
SELL,57.00,14
SELL,57.80,26
SELL,59.40,29
SELL,62.10,24
SELL,65.40,48
SELL,67.50,15
BUY,62.30,13
SELL,67.20,28
BUY,63.70,29
SELL,66.10,19
SELL,69.60,27
SELL,68.60,26
SELL,72.00,26
SELL,70.80,25
BUY,68.60,28
BUY,64.20,27
BUY,60.70,29
BUY,63.00,29
BUY,59.40,27
BUY,57.50,25
BUY,57.90,25
BUY,54.10,30
BUY,52.30,29
BUY,50.00,25
BUY,50.00,26
BUY,50.00,25
SELL,53.70,27
SELL,55.50,25
SELL,56.40,32
SELL,54.70,26
BUY,50.70,27
BUY,50.00,26
BUY,50.20,26
SELL,54.50,25
SELL,58.50,26
SELL,60.40,24
SELL,58.70,27
BUY,54.50,32
BUY,51.50,26
BUY,51.40,26
SELL,52.90,28
BUY,50.00,27
BUY,50.00,30
BUY,50.00,28
SELL,52.50,27
SELL,56.80,34
SELL,53.80,17
SELL,62.10,41
SELL,61.70,18
SELL,66.40,22
SELL,68.10,21
SELL,65.10,24
BUY,64.00,31
SELL,71.20,19
SELL,67.80,21
BUY,63.30,19
BUY,63.90,21
BUY,65.30,27
BUY,58.70,17
BUY,55.40,15
BUY,56.50,28
BUY,52.10,27
BUY,50.00,26
BUY,54.90,31
SELL,54.10,29
BUY,51.80,29
SELL,52.80,31
SELL,57.40,26
SELL,55.80,26
SELL,59.00,29
SELL,59.10,30
BUY,54.20,28
BUY,50.00,25
BUY,50.00,25
BUY,50.00,28
SELL,53.40,29
SELL,56.50,18
SELL,53.40,21
SELL,55.60,80
BUY,50.70,15
SELL,55.90,16
SELL,58.30,28
SELL,61.20,27
SELL,60.50,33
SELL,64.00,24
SELL,61.20,19
BUY,57.30,30
BUY,60.10,32
SELL,63.80,16
BUY,58.60,25
SELL,61.80,17
BUY,58.40,25
SELL,62.70,28
SELL,64.70,30
SELL,65.70,24
SELL,68.80,26
SELL,71.30,24
BUY,68.90,33
BUY,66.50,21
SELL,70.90,30
SELL,74.80,30
SELL,78.80,32
SELL,74.30,33
SELL,78.20,108
BUY,73.70,31
SELL,77.60,23
SELL,81.10,29
SELL,82.80,28
SELL,81.40,26
BUY,76.90,27
BUY,74.20,34
BUY,75.10,30
BUY,73.70,17
SELL,77.50,37
SELL,76.00,29
BUY,74.20,19
SELL,79.60,23
SELL,78.10,18
BUY,76.50,41
SELL,81.20,19
SELL,84.90,27
SELL,88.50,16
SELL,92.50,29
SELL,96.50,30
SELL,98.40,33
SELL,98.60,21
SELL,103.20,24
SELL,103.70,22
BUY,93.80,19
BUY,97.80,31
BUY,96.20,35
SELL,100.60,20
BUY,95.60,18
SELL,105.40,27
SELL,102.90,29
SELL,109.10,20
SELL,111.60,19
SELL,111.70,16
SELL,116.60,22
SELL,120.10,23
SELL,124.60,19
SELL,121.50,33
SELL,125.00,32
SELL,129.50,24
SELL,131.40,21
SELL,130.90,19
SELL,135.70,28
SELL,140.10,17
SELL,143.00,30
SELL,142.70,19
SELL,146.60,20
SELL,145.50,28
BUY,141.60,19
SELL,145.10,32
BUY,142.00,17
SELL,145.00,39
SELL,147.90,18
SELL,146.30,20
BUY,143.60,36
BUY,141.80,30
SELL,146.40,29
SELL,148.70,18
SELL,150.00,17
SELL,150.00,35
BUY,143.90,18
BUY,141.90,16
BUY,137.50,21
BUY,138.50,15
BUY,136.30,32
BUY,135.10,21
BUY,130.10,31
BUY,126.10,29
BUY,123.90,24
BUY,124.70,16
SELL,128.40,30
SELL,132.80,27
SELL,133.00,20
SELL,136.00,19
SELL,136.60,23
SELL,141.40,43
BUY,135.60,24
BUY,134.90,15
BUY,135.80,23
BUY,128.50,17
BUY,130.50,27
SELL,136.20,14
SELL,140.10,26
SELL,141.70,17
SELL,145.90,15
SELL,146.10,35
SELL,146.80,26
SELL,148.20,23
SELL,150.00,33
BUY,143.60,32
BUY,147.50,18
SELL,148.10,17
SELL,146.90,24
SELL,150.00,24
SELL,150.00,29
BUY,146.00,21
BUY,144.30,17
BUY,145.10,15
SELL,147.90,14
BUY,143.00,50
BUY,138.20,104
BUY,135.00,27
BUY,137.70,32
SELL,140.80,19
SELL,145.10,27
SELL,149.00,32
SELL,148.70,32
SELL,150.00,32
BUY,146.40,23
SELL,150.00,32
BUY,147.70,45
BUY,145.80,30
SELL,150.00,33
SELL,150.00,33
BUY,146.30,33
SELL,150.00,19
BUY,145.10,30
SELL,148.70,33
BUY,144.50,35
BUY,146.30,15
SELL,150.00,24
SELL,150.00,27
BUY,146.30,21
BUY,143.20,22
BUY,141.10,32
BUY,137.30,28
BUY,132.60,27
BUY,131.20,31
SELL,139.90,20
SELL,143.50,36
SELL,139.40,15
SELL,148.10,19
SELL,143.50,38
SELL,146.00,29
BUY,144.30,29
BUY,139.70,31
BUY,140.80,27
BUY,142.10,23
SELL,143.20,18
SELL,145.80,32
SELL,149.30,17
SELL,144.60,30
BUY,143.80,32
SELL,150.00,23
BUY,144.80,24
BUY,143.40,22
SELL,148.30,28
SELL,150.00,32
BUY,147.30,17
BUY,143.80,33
BUY,142.80,35
SELL,149.60,17
SELL,150.00,34
BUY,146.00,34
BUY,147.40,25
SELL,150.00,29
SELL,150.00,33
SELL,150.00,34
BUY,146.60,29
SELL,150.00,22
BUY,146.80,49
BUY,143.10,25
BUY,140.80,29
BUY,136.90,20
BUY,137.00,20
BUY,136.60,31
SELL,139.60,32
SELL,139.30,23
BUY,135.10,20
BUY,132.20,35
BUY,131.40,27
BUY,128.60,29
SELL,132.80,29
SELL,132.20,23
BUY,130.10,17
SELL,134.80,28
BUY,130.00,30
BUY,131.30,32
SELL,134.60,35
SELL,135.20,29
SELL,135.90,31
SELL,138.40,18
SELL,136.80,17
BUY,132.60,28
BUY,131.60,31
BUY,127.80,24
BUY,129.50,32
BUY,129.30,36
BUY,125.60,24
BUY,122.90,32
BUY,121.10,27
SELL,124.30,30
SELL,129.00,83
SELL,129.40,16
SELL,128.50,34
BUY,125.60,31
BUY,124.30,24
SELL,129.60,25
SELL,129.20,33
BUY,126.00,31
BUY,125.50,46
SELL,128.90,30
SELL,131.10,28
SELL,131.20,32
SELL,133.90,39
SELL,138.20,21
SELL,140.00,34
BUY,136.80,21
BUY,132.10,35
BUY,128.60,31
BUY,127.70,32
BUY,126.60,31
BUY,125.10,18
BUY,123.40,14
BUY,124.90,59
SELL,127.50,15
SELL,132.10,18
SELL,133.40,20
SELL,132.40,27
SELL,136.50,31
SELL,140.60,26
SELL,140.70,20
SELL,144.60,20
SELL,147.60,17
SELL,150.00,21
SELL,146.70,18
BUY,143.40,32
BUY,140.70,24
BUY,135.90,18
BUY,133.80,14
BUY,129.60,24
BUY,129.60,31
BUY,131.30,30
SELL,134.90,29
SELL,133.10,60
BUY,129.40,35
BUY,124.80,27
BUY,121.00,29
BUY,116.70,17
BUY,115.60,31
BUY,118.30,31
BUY,114.00,31
SELL,116.50,34
BUY,114.70,17
BUY,113.20,26
BUY,109.10,24
SELL,118.10,32
SELL,121.70,19
SELL,124.30,27
SELL,120.60,31
BUY,121.10,32
BUY,116.20,30
BUY,118.90,17
SELL,125.20,17
SELL,128.60,29
SELL,133.10,17
SELL,129.20,28
SELL,133.50,28
SELL,136.40,28
SELL,139.10,27
SELL,138.00,33
BUY,134.80,25
BUY,133.80,25
BUY,133.50,37
SELL,138.20,27
SELL,138.00,30
BUY,130.80,27
BUY,132.50,34
BUY,127.80,38
BUY,127.20,17
BUY,125.20,14
SELL,128.10,19
SELL,132.60,22
SELL,134.20,38
SELL,138.70,28
SELL,140.20,32
SELL,141.00,29
SELL,144.40,31
BUY,137.40,34
BUY,137.20,30
BUY,136.50,32
SELL,138.90,26
SELL,143.10,29
SELL,143.80,33
SELL,147.30,18
SELL,150.00,17
SELL,150.00,31
SELL,150.00,16
BUY,146.60,38
SELL,150.00,38
BUY,145.60,29
SELL,150.00,35
BUY,145.50,30
BUY,142.00,31
BUY,140.30,25
BUY,138.70,30
BUY,138.40,30
SELL,146.70,26
SELL,150.00,28
SELL,145.30,31
BUY,140.30,27
BUY,137.20,28
BUY,132.70,26
BUY,129.10,27
BUY,131.50,29
SELL,137.40,27
SELL,136.20,35
SELL,140.50,27
BUY,133.00,21
BUY,131.50,21
BUY,131.40,21
BUY,127.80,33
BUY,123.60,23
BUY,121.50,24
BUY,119.80,21
BUY,118.10,31
BUY,120.90,34
BUY,116.30,27
BUY,115.90,26
BUY,111.30,27
BUY,107.00,27
BUY,104.40,25
BUY,107.70,28
BUY,104.10,26
BUY,99.70,28
BUY,100.40,82
SELL,104.60,61
BUY,101.30,15
SELL,105.50,16
SELL,108.70,31
SELL,108.80,41
BUY,106.00,15
SELL,110.60,15
BUY,105.70,14
SELL,110.00,26
SELL,109.10,26
SELL,116.20,19
SELL,118.10,16
SELL,119.00,12
SELL,120.10,12
SELL,120.60,15
BUY,113.90,17
BUY,109.60,22
BUY,107.30,14
BUY,108.10,27
BUY,104.80,22
BUY,102.20,15
BUY,101.70,22
SELL,104.30,12
SELL,108.10,15
SELL,111.60,15
SELL,113.50,17
SELL,115.90,32
SELL,117.30,33
BUY,112.00,17
BUY,109.40,16
BUY,106.20,29
BUY,102.30,14
BUY,102.90,14
BUY,101.30,13
BUY,96.30,19
BUY,98.60,16
SELL,106.40,32
SELL,103.70,32
SELL,105.60,26
SELL,109.40,21
SELL,108.90,29
SELL,111.50,33
SELL,114.70,24
SELL,113.80,17
SELL,116.40,16
SELL,116.80,32
SELL,120.60,31
SELL,120.40,31
SELL,118.60,16
SELL,123.30,16
BUY,114.80,33
BUY,113.00,29
BUY,113.40,31
SELL,117.00,16
SELL,119.10,16
SELL,122.00,15
SELL,124.00,14
SELL,128.90,28
SELL,126.00,28
SELL,130.20,16
SELL,134.00,15
SELL,137.90,31
SELL,136.60,27
SELL,139.50,16
BUY,135.70,30
SELL,140.40,67
BUY,137.00,29
SELL,140.00,31
SELL,141.80,18
SELL,142.90,18
BUY,139.60,18
BUY,140.90,18
SELL,145.40,25
SELL,150.00,22
SELL,147.30,14
SELL,147.20,16
BUY,143.80,15
SELL,147.80,15
SELL,147.60,51
SELL,150.00,23
BUY,141.00,22
BUY,144.90,24
SELL,145.50,13
BUY,142.20,12
BUY,138.60,14
BUY,141.10,21
SELL,141.50,23
BUY,138.50,15
SELL,142.70,27
SELL,140.60,17
BUY,137.60,13
BUY,138.40,39
SELL,142.20,23
SELL,145.00,14
SELL,141.50,15
SELL,144.90,15
SELL,149.40,13
SELL,150.00,18
BUY,141.60,16
BUY,139.90,15
BUY,143.40,52
SELL,148.00,15
SELL,146.70,71
SELL,145.20,19
BUY,141.30,20
SELL,145.60,30
SELL,147.20,15
BUY,140.90,23
BUY,140.00,76
BUY,141.30,20
SELL,144.20,16
SELL,144.90,15
SELL,147.50,28
SELL,149.60,34
SELL,147.20,11
BUY,144.40,30
BUY,145.70,16
BUY,143.10,11
BUY,138.70,20
BUY,142.80,23
BUY,133.80,14
BUY,134.90,11
BUY,130.70,21
BUY,130.80,23
SELL,135.30,13
SELL,136.70,12
BUY,130.10,12
BUY,127.50,14
BUY,127.90,25
SELL,131.20,16
SELL,135.30,13
BUY,126.20,25
BUY,128.00,16
SELL,135.10,13
SELL,134.90,15
SELL,138.10,12
SELL,137.40,10
SELL,139.80,12
BUY,135.50,13
BUY,133.10,11
BUY,137.60,10
BUY,129.10,22
BUY,127.10,27
BUY,122.50,30
BUY,122.50,15
BUY,118.90,11
BUY,118.60,22
BUY,116.00,25
SELL,118.20,28
BUY,114.50,14
SELL,121.20,25
SELL,122.60,9
SELL,119.30,9
BUY,117.30,23
BUY,118.50,21
BUY,114.40,22
BUY,115.30,10
BUY,114.60,21
SELL,121.70,12
SELL,117.40,12
SELL,120.60,11
SELL,125.90,10
SELL,126.70,9
SELL,130.40,10
SELL,131.60,11
SELL,135.00,10
SELL,134.60,11
SELL,133.80,24
SELL,137.50,23
SELL,139.40,23
SELL,143.10,11
SELL,144.30,11
SELL,144.20,9
BUY,140.80,8
BUY,139.90,10
BUY,140.10,22
BUY,138.80,24
SELL,142.20,9
SELL,145.90,25
SELL,145.20,23
BUY,136.50,21
BUY,136.40,29
BUY,135.00,8
SELL,141.10,22
SELL,144.30,21
SELL,146.90,27
SELL,144.70,10
SELL,148.00,22
BUY,143.90,23
BUY,145.30,20
SELL,147.80,21
SELL,148.40,10
SELL,150.00,10
SELL,150.00,23
BUY,146.70,31
SELL,150.00,22
BUY,146.60,11
BUY,146.00,23
BUY,141.80,10
BUY,138.50,11
BUY,138.30,22
SELL,143.70,22
SELL,141.50,21
SELL,148.70,12
SELL,150.00,13
SELL,150.00,12
BUY,145.80,8
BUY,146.60,21
BUY,147.20,28
BUY,143.40,9
BUY,144.50,30
BUY,144.20,9
BUY,140.80,21
BUY,138.40,23
BUY,142.50,10
BUY,135.20,29
BUY,139.10,24
BUY,137.00,32
SELL,139.90,30
SELL,139.10,11
SELL,143.50,24
SELL,147.30,31
SELL,142.60,12
BUY,140.90,9
BUY,138.80,22
SELL,141.30,21
BUY,137.70,24
SELL,141.10,23
BUY,138.20,24
SELL,140.20,10
SELL,141.40,10
SELL,144.60,11
BUY,138.80,12
BUY,138.60,20
BUY,135.00,20
SELL,143.80,21
SELL,139.20,10
BUY,135.60,21
BUY,134.40,20
BUY,133.00,21
SELL,136.10,11
SELL,139.00,12
SELL,141.40,10
BUY,136.90,9
SELL,140.50,11
BUY,137.20,21
SELL,140.90,11
BUY,133.40,20
BUY,134.40,22
BUY,130.50,20
BUY,130.70,19
BUY,127.90,9
BUY,123.10,22
BUY,125.70,22
BUY,125.30,20
BUY,121.50,21
SELL,129.80,10
SELL,134.00,22
SELL,138.80,10
SELL,142.30,9
SELL,146.90,22
SELL,148.10,24
SELL,147.20,22
BUY,142.80,11
BUY,145.00,22
SELL,149.90,11
SELL,149.80,12
SELL,148.30,20
SELL,150.00,11
BUY,145.70,21
BUY,147.40,21
BUY,144.50,11
SELL,148.00,18
SELL,149.90,21
SELL,150.00,21
SELL,150.00,23
BUY,146.00,11
BUY,141.50,15
BUY,140.40,33
BUY,141.10,23
BUY,136.80,23
SELL,143.60,13
SELL,142.00,13
BUY,138.00,20
SELL,145.60,11
SELL,145.90,15
BUY,142.70,11
SELL,146.90,15
BUY,140.30,10
BUY,143.90,24
BUY,141.50,21
SELL,142.80,21
SELL,146.50,20
SELL,147.10,23
SELL,148.30,11
SELL,148.60,10
SELL,150.00,10
BUY,145.00,11
BUY,143.00,20
BUY,140.00,23
BUY,138.40,23
BUY,140.30,24
BUY,135.50,22
BUY,136.40,11
BUY,132.90,9
BUY,131.30,25
BUY,128.20,14
BUY,129.90,13
BUY,125.40,20
BUY,122.40,20
BUY,120.40,11
BUY,119.00,11
BUY,117.30,11
BUY,116.90,21
SELL,119.90,21
SELL,120.80,30
SELL,122.20,13
SELL,124.00,22
BUY,120.00,24
BUY,115.10,22
BUY,114.40,22
BUY,117.90,23
SELL,118.20,14
SELL,118.50,15
SELL,121.60,11
SELL,122.90,21
BUY,117.00,13
BUY,113.10,29
BUY,109.10,26
BUY,110.80,22
BUY,106.70,30
SELL,114.30,21
BUY,107.40,25
BUY,103.30,13
BUY,104.40,40
BUY,105.10,16
BUY,99.60,21
BUY,98.60,21
SELL,101.80,23
SELL,102.40,20
BUY,96.30,12
BUY,99.60,14
BUY,96.10,14
BUY,91.10,21
BUY,94.70,23
SELL,94.20,13
BUY,93.60,24
SELL,96.50,21
BUY,94.40,22
BUY,92.30,15
SELL,98.20,14
SELL,102.40,22
SELL,100.60,21
SELL,105.70,10
SELL,102.10,23
SELL,104.30,22
SELL,107.00,24
SELL,106.50,14
SELL,110.10,22
SELL,106.60,21
BUY,105.60,23
BUY,103.70,15
BUY,105.80,22
BUY,101.80,12
BUY,98.00,24
BUY,96.20,20
BUY,99.10,20
SELL,99.30,29
SELL,101.20,10
SELL,99.00,13
BUY,97.60,22
BUY,93.50,14
SELL,97.20,21
SELL,100.40,21
SELL,100.10,31
BUY,93.30,14
BUY,89.50,34
BUY,84.90,11
BUY,85.70,12
BUY,81.00,20
BUY,80.10,9
BUY,76.10,11
BUY,76.80,31
BUY,76.60,23
SELL,80.70,23
SELL,81.30,22
SELL,85.70,22
SELL,84.40,14
BUY,77.00,10
BUY,75.20,21
BUY,76.80,21
SELL,77.60,11
SELL,79.20,10
SELL,83.20,20
SELL,85.40,13
SELL,82.30,11
SELL,88.60,14
SELL,86.70,21
BUY,80.10,21
BUY,81.90,13
BUY,77.50,12
BUY,73.90,12
BUY,75.10,11
BUY,72.40,15
BUY,70.80,13
BUY,66.40,30
BUY,66.40,12
BUY,64.00,21
SELL,71.00,23
SELL,67.50,19
SELL,69.60,23
SELL,70.30,23
BUY,66.30,16
BUY,67.40,13
BUY,66.40,96
BUY,63.30,17
BUY,58.90,21
BUY,57.90,19
SELL,61.60,19
SELL,62.50,13
BUY,58.50,22
BUY,57.00,13
BUY,57.90,27
BUY,54.30,42
SELL,62.90,24
SELL,62.30,25
SELL,63.70,24
BUY,59.50,25
BUY,60.20,9
SELL,64.90,11
SELL,67.20,30
SELL,70.20,12
SELL,74.00,13
SELL,78.00,12
SELL,74.20,32
BUY,75.60,25
BUY,73.90,21
BUY,69.40,30
BUY,64.70,38
BUY,67.00,10
BUY,63.00,22
BUY,60.30,9
BUY,63.40,12
BUY,57.80,20
BUY,56.70,23
BUY,52.20,22
BUY,53.50,24
BUY,51.10,13
BUY,51.00,12
SELL,54.80,20
SELL,58.20,21
SELL,61.80,20
SELL,63.70,17
SELL,68.60,11
SELL,64.70,10
BUY,59.40,21
BUY,58.40,21
SELL,65.80,18
SELL,66.00,11
SELL,65.20,9
SELL,68.60,20
BUY,63.70,26
BUY,62.40,9
BUY,61.40,11
BUY,58.90,23
BUY,58.20,25
BUY,57.50,24
SELL,60.50,14
BUY,56.00,20
BUY,51.60,19
BUY,55.80,14
SELL,58.50,19
BUY,53.60,19
SELL,58.60,18
BUY,56.10,12
SELL,60.60,20
SELL,66.40,15
SELL,70.90,14
SELL,66.90,22
SELL,70.00,21
BUY,68.30,12
BUY,67.80,24
SELL,70.50,22
SELL,72.30,26
SELL,75.40,14
SELL,74.30,46
SELL,77.30,11
SELL,80.10,34
SELL,80.90,30
SELL,82.20,15
BUY,77.90,42
BUY,76.90,38
BUY,79.40,32
SELL,81.20,15
SELL,82.20,16
SELL,86.20,30
SELL,84.70,31
SELL,85.20,13
SELL,89.90,14
SELL,89.30,12
SELL,91.10,31
SELL,91.80,30
BUY,87.00,35
BUY,84.90,15
SELL,92.20,30
SELL,89.70,31
BUY,85.70,32
BUY,88.40,30
BUY,84.80,17
SELL,89.00,27
BUY,81.00,18
BUY,83.20,31
BUY,78.30,29
SELL,84.60,16
SELL,85.80,31
SELL,86.60,28
BUY,81.40,61
BUY,80.50,23
BUY,77.10,30
SELL,85.00,16
SELL,84.50,32
BUY,82.80,46
BUY,80.70,21
BUY,79.00,25
SELL,85.80,31
SELL,90.30,29
SELL,92.60,27
SELL,95.70,33
SELL,95.50,28
SELL,95.50,24
BUY,92.00,32
BUY,91.90,26
BUY,89.10,33
SELL,94.30,45
SELL,93.30,25
SELL,95.00,40
SELL,97.30,33
SELL,98.80,34
BUY,94.70,34
BUY,90.50,13
BUY,90.70,24
BUY,87.40,11
BUY,83.80,28
BUY,82.10,45
BUY,81.00,13
BUY,79.40,13
SELL,84.00,20
SELL,85.70,16
SELL,82.80,20
SELL,88.70,20
SELL,90.70,24
BUY,81.70,20
BUY,77.40,16
BUY,78.80,20
SELL,79.80,39
BUY,77.50,39
BUY,74.70,18
BUY,72.00,15
BUY,70.80,18
BUY,66.30,28
BUY,62.50,31
BUY,62.70,31
BUY,60.30,14
SELL,65.90,18
SELL,70.60,32
SELL,72.80,32
SELL,74.90,15
SELL,73.00,21
SELL,77.10,22
SELL,77.30,35
SELL,76.50,32
BUY,72.70,31
BUY,73.70,28
SELL,80.70,32
SELL,79.60,22
SELL,83.20,33
SELL,86.60,30
SELL,89.80,29
SELL,85.50,15
BUY,82.50,19
BUY,79.20,31
BUY,77.60,28
BUY,75.00,38
SELL,81.30,24
SELL,84.00,17
SELL,88.10,18
SELL,86.30,15
SELL,88.30,31
BUY,85.70,19
SELL,91.00,20
SELL,94.20,23
SELL,98.80,30
SELL,103.40,28
SELL,101.50,31
BUY,95.10,19
BUY,92.30,27
BUY,92.90,45
SELL,97.70,17
SELL,99.30,32
SELL,99.40,18
BUY,93.10,21
BUY,94.30,32
BUY,95.30,13
BUY,90.40,29
BUY,90.90,32
BUY,88.70,27
BUY,85.70,22
BUY,87.20,17
BUY,82.30,18
BUY,82.60,19
BUY,83.00,33
SELL,85.90,19
BUY,79.30,32
BUY,74.30,30
BUY,78.80,29
SELL,83.40,23
SELL,86.10,26
SELL,86.20,22
BUY,81.30,31
BUY,84.00,25
SELL,85.40,21
SELL,88.70,20
SELL,90.00,16
SELL,92.90,30
SELL,93.90,51
SELL,94.20,15
BUY,90.80,26
SELL,95.80,32
BUY,87.00,25
BUY,88.30,20
BUY,86.50,18
BUY,82.50,27
BUY,80.20,18
BUY,83.60,19
BUY,78.90,24
BUY,76.10,20
BUY,72.50,18
BUY,76.20,14
SELL,78.40,23
SELL,80.60,19
SELL,84.20,16
SELL,84.80,17
SELL,85.60,37
BUY,82.20,15
BUY,77.60,136
BUY,74.50,20
BUY,76.90,17
BUY,74.70,31
SELL,79.10,35
BUY,76.70,63
SELL,80.50,18
SELL,83.90,18
SELL,86.00,13
SELL,88.90,16
SELL,89.90,18
SELL,94.50,22
SELL,95.10,20
SELL,97.40,32
SELL,97.90,32
SELL,99.60,20
SELL,98.90,18
BUY,96.70,36
SELL,100.30,19
SELL,98.70,30
SELL,101.80,28
SELL,102.90,28
SELL,105.20,107
SELL,106.80,20
SELL,110.10,15
SELL,108.20,46
BUY,101.80,26
BUY,101.40,18
SELL,107.20,21
SELL,109.70,19
SELL,113.60,12
SELL,112.90,24
SELL,112.20,15
BUY,109.20,22
BUY,110.60,20
BUY,107.60,61
BUY,106.90,13
SELL,110.50,13
SELL,111.00,27
BUY,103.00,22
BUY,103.00,19
BUY,101.10,20
BUY,101.10,13
BUY,96.00,13
BUY,93.80,11
BUY,91.70,20
BUY,91.90,19
BUY,90.20,22
SELL,95.90,16
SELL,98.70,78
SELL,97.10,14
BUY,95.30,14
BUY,91.20,12
BUY,94.50,21
BUY,90.00,24
BUY,90.00,44
BUY,87.60,18
BUY,85.10,22
BUY,85.80,12
BUY,82.30,12
BUY,81.10,11
BUY,80.50,24
BUY,75.70,25
SELL,78.60,14
BUY,75.70,12
BUY,70.70,20
BUY,74.50,26
BUY,71.10,14
SELL,75.20,11
BUY,66.60,26
BUY,68.70,25
BUY,66.10,20
SELL,74.50,22
SELL,76.10,21
SELL,72.90,35
BUY,70.60,26
BUY,68.50,14
BUY,63.70,14
BUY,61.20,23
BUY,62.30,20
BUY,61.50,21
BUY,56.90,21
BUY,59.90,13
SELL,60.10,20
SELL,65.00,22
BUY,61.30,25
BUY,54.70,26
BUY,58.00,24
SELL,61.50,15
SELL,61.90,14
SELL,66.80,14
SELL,71.30,21
SELL,74.20,41
SELL,69.60,55
BUY,66.90,19
BUY,70.90,18
BUY,64.90,28
BUY,62.30,34
BUY,61.30,20
BUY,60.10,14
BUY,59.30,32
BUY,55.40,28
BUY,51.40,27
BUY,50.00,32
BUY,50.00,43
SELL,55.40,33
SELL,54.40,35
BUY,50.80,20
BUY,50.80,16
SELL,53.30,12
BUY,50.00,28
BUY,50.00,128
SELL,54.40,18
SELL,52.70,16
BUY,50.30,30
BUY,50.00,19
SELL,53.10,13
SELL,55.00,20
SELL,54.00,19
BUY,50.30,40
BUY,50.00,20
SELL,53.10,15
SELL,57.10,16
BUY,53.90,23
BUY,50.50,21
BUY,50.00,25
BUY,50.10,12
SELL,55.20,11
SELL,54.20,15
SELL,52.80,23
BUY,52.10,10
SELL,56.00,25
BUY,50.00,26
BUY,50.00,26
SELL,54.80,12
SELL,59.50,10
SELL,61.80,26
SELL,61.40,21
SELL,63.10,21
SELL,66.60,25
SELL,70.40,12
SELL,75.20,10
SELL,78.20,26
SELL,80.60,28
BUY,74.10,20
BUY,72.80,11
BUY,70.30,29
BUY,71.60,28
SELL,75.00,11
SELL,77.20,22
BUY,70.30,27
BUY,70.00,15
SELL,74.90,22
BUY,68.90,21
SELL,75.80,11
SELL,80.00,21
SELL,82.50,24
SELL,79.80,21
BUY,80.10,13
SELL,83.80,13
BUY,77.40,22
BUY,78.70,13
SELL,80.90,17
SELL,84.20,20
SELL,85.50,11
BUY,79.90,23
BUY,77.90,20
BUY,72.90,19
BUY,77.20,20
SELL,81.50,14
SELL,83.30,12
BUY,75.90,13
BUY,75.20,22
BUY,75.10,21
SELL,78.00,21
BUY,72.80,20
BUY,72.10,12
BUY,73.10,20
BUY,68.80,19
BUY,67.90,33
SELL,70.60,39
SELL,74.30,17
SELL,78.00,15
SELL,82.40,29
SELL,86.50,14
SELL,91.20,27
SELL,89.20,14
SELL,90.10,20
BUY,88.20,16
SELL,91.50,28
BUY,84.10,32
BUY,81.80,31
BUY,81.50,33
BUY,81.50,17
BUY,79.20,16
BUY,79.00,27
BUY,76.20,31
BUY,74.90,28
SELL,80.90,20
SELL,83.80,16
SELL,86.30,27
SELL,87.60,16
BUY,83.20,29
BUY,78.30,119
BUY,78.00,77
BUY,77.60,20
BUY,74.00,28
BUY,71.80,27
BUY,74.10,28
SELL,75.50,17
SELL,79.60,20
SELL,74.90,40
SELL,76.80,17
SELL,79.70,31
BUY,72.60,34
BUY,75.70,17
SELL,75.50,21
BUY,72.30,17
BUY,73.00,22
BUY,71.30,31
BUY,68.50,17
BUY,69.50,19
BUY,66.70,20
BUY,63.00,31
BUY,58.80,33
BUY,61.90,30
SELL,64.10,31
SELL,68.80,29
SELL,72.50,22
SELL,69.90,16
SELL,71.10,17
SELL,73.60,20
BUY,66.10,31
BUY,67.90,21
BUY,65.20,20
BUY,62.40,29
BUY,62.50,31
SELL,68.50,60
SELL,70.30,18
SELL,71.60,17
SELL,71.00,36
BUY,68.50,18
SELL,73.60,29
SELL,73.70,31
BUY,70.30,21
BUY,66.70,20
BUY,65.00,20
SELL,72.00,97
SELL,71.20,26
BUY,65.40,31
BUY,66.50,28
BUY,62.20,27
BUY,64.40,30
BUY,60.90,36
BUY,56.10,26
BUY,59.20,14
BUY,57.40,15
SELL,61.80,33
SELL,63.30,27
SELL,62.10,32
SELL,66.80,28
SELL,66.60,16
SELL,67.00,14
BUY,62.10,33
BUY,58.90,31
BUY,62.90,34
BUY,58.80,28
SELL,62.20,25
SELL,63.50,28
BUY,59.80,16
SELL,60.40,20
SELL,65.10,29
SELL,63.00,27
SELL,67.50,39
SELL,68.80,16
SELL,67.20,30
BUY,62.40,22
BUY,64.40,17
BUY,59.90,16
BUY,56.30,29
BUY,54.90,32
BUY,50.80,29
BUY,50.00,47
BUY,52.00,40
SELL,55.00,34
SELL,56.40,33
SELL,58.30,29
SELL,57.20,29
SELL,59.50,34
BUY,56.20,33
BUY,52.20,31
BUY,50.00,49
BUY,50.00,23
BUY,50.00,25
SELL,52.70,21
SELL,53.40,245
SELL,57.10,35
SELL,54.00,16
BUY,50.10,32
BUY,50.80,69
BUY,50.00,28
SELL,52.50,19
SELL,55.00,49
SELL,55.40,33
SELL,59.00,26
SELL,59.20,27
SELL,63.30,34
SELL,65.00,33
SELL,67.10,26
SELL,70.90,28
SELL,68.20,25
SELL,69.50,28
BUY,66.70,23
SELL,70.80,26
SELL,72.60,26
SELL,70.80,24
SELL,75.10,25
SELL,73.10,24
SELL,74.10,27
BUY,72.20,27
SELL,76.60,25
SELL,78.30,24
SELL,75.10,29
BUY,73.70,24
BUY,71.10,25
BUY,68.00,28
BUY,71.40,27
SELL,74.20,27
SELL,76.70,30
SELL,80.30,26
SELL,83.80,27
SELL,79.00,26
BUY,76.10,27
BUY,78.90,27
BUY,75.20,27
BUY,77.00,26
BUY,73.80,27
BUY,71.40,24
BUY,69.00,24
BUY,66.40,26
SELL,75.30,25
SELL,71.90,23
SELL,73.80,33
SELL,74.00,25
BUY,71.00,27
BUY,71.40,26
BUY,71.80,24
SELL,73.60,24
SELL,75.10,24
SELL,77.90,30
BUY,69.80,27
BUY,67.50,27
BUY,70.50,29
SELL,70.50,30
BUY,65.70,26
SELL,68.30,26
SELL,72.70,26
SELL,77.50,27
SELL,81.80,26
SELL,84.50,27
SELL,87.10,25
SELL,86.30,29
BUY,84.00,24
BUY,81.30,24
SELL,88.60,24
SELL,84.40,23
BUY,79.90,31
BUY,80.50,26
SELL,86.00,26
SELL,83.70,24
SELL,90.40,26
SELL,91.50,29
SELL,88.10,26
SELL,94.40,25
SELL,92.60,24
SELL,94.80,28
SELL,94.80,29
SELL,98.60,26
SELL,102.40,25
SELL,100.80,28
BUY,100.20,22
BUY,96.30,34
BUY,92.20,28
BUY,90.50,28
BUY,93.10,28
SELL,95.10,28
SELL,95.20,17
BUY,90.50,17
BUY,88.50,13
BUY,84.50,30
BUY,81.80,28
BUY,84.30,42
SELL,88.10,29
SELL,85.80,25
BUY,80.10,25
BUY,77.00,24
BUY,73.70,28
BUY,73.80,25
SELL,79.50,27
BUY,70.20,28
BUY,65.60,26
BUY,69.30,25
SELL,73.60,27
SELL,75.90,26
SELL,77.00,25
SELL,76.60,26
SELL,80.40,25
BUY,76.30,31
BUY,77.50,27
SELL,80.60,26
SELL,81.10,26
SELL,82.30,25
SELL,84.90,24
SELL,89.50,25
SELL,89.30,26
BUY,83.80,26
BUY,82.80,28
BUY,80.50,24
SELL,84.40,24
SELL,86.90,25
SELL,91.50,24
SELL,86.70,27
BUY,84.90,24
BUY,81.50,25
BUY,83.00,26
SELL,86.40,30
SELL,90.70,30
SELL,94.00,28
SELL,97.80,23
SELL,94.00,26
BUY,89.60,27
BUY,84.70,25
BUY,85.70,27
BUY,81.20,24
BUY,77.00,39
BUY,73.10,27
BUY,77.40,34
SELL,76.50,24
BUY,72.00,25
BUY,69.60,26
BUY,73.90,27
BUY,69.20,26
BUY,66.20,25
BUY,63.70,27
BUY,60.20,27
BUY,60.30,24
BUY,56.70,32
BUY,56.30,22
BUY,52.20,26
SELL,59.00,26
SELL,62.30,28
SELL,64.40,26
SELL,65.30,24
SELL,70.20,28
SELL,74.70,26
SELL,77.10,26
SELL,81.60,24
SELL,77.80,25
BUY,78.60,25
SELL,82.10,25
SELL,85.70,27
SELL,86.70,33
BUY,82.00,29
BUY,80.10,26
BUY,75.20,19
BUY,79.20,19
BUY,77.50,19
SELL,80.00,18
SELL,84.80,31
SELL,89.30,33
SELL,86.00,32
SELL,87.40,29
BUY,83.00,28
BUY,81.50,26
SELL,87.40,30
SELL,85.60,30
SELL,88.50,23
SELL,92.40,27
SELL,90.60,25
SELL,93.20,26
BUY,90.10,26
BUY,85.90,27
BUY,86.20,25
BUY,82.80,27
BUY,82.00,26
SELL,87.00,28
SELL,84.70,26
BUY,79.00,24
SELL,87.20,24
SELL,86.80,26
SELL,89.70,24
SELL,93.10,31
SELL,96.70,27
SELL,101.60,24
SELL,102.90,24
SELL,107.20,24
BUY,97.80,27
BUY,98.70,28
BUY,98.40,25
BUY,94.20,26
BUY,94.20,23
BUY,93.20,26
BUY,88.60,25
BUY,84.30,24
BUY,84.10,24
SELL,88.10,28
SELL,90.70,33
BUY,85.90,29
SELL,90.50,41
SELL,93.30,29
SELL,97.70,29
SELL,95.40,30
BUY,94.10,31
BUY,90.60,30
BUY,91.70,29
BUY,84.30,27
BUY,88.20,27
BUY,83.70,26
BUY,85.60,30
SELL,88.70,26
SELL,92.40,27
SELL,93.00,29
SELL,94.30,16
SELL,98.60,32
SELL,99.00,24
SELL,98.90,25
BUY,96.80,13
SELL,100.40,13
SELL,104.10,11
SELL,105.80,10
BUY,98.60,22
BUY,95.30,26
BUY,95.70,24
BUY,96.10,24
SELL,99.40,28
SELL,98.80,10
SELL,99.90,30
BUY,92.70,29
BUY,88.20,24
BUY,85.90,14
BUY,85.20,27
SELL,88.90,26
SELL,88.30,29
SELL,90.30,26
SELL,92.40,29
SELL,93.50,16
BUY,88.10,25
BUY,87.00,26
BUY,85.10,26
BUY,85.80,23
BUY,81.80,26
BUY,82.50,24
BUY,83.90,25
SELL,84.40,26
BUY,81.10,26
BUY,80.70,24
BUY,75.80,36
BUY,73.90,28
BUY,77.20,24
SELL,79.60,24
SELL,81.00,28
SELL,79.50,24
BUY,75.80,28
BUY,73.70,31
BUY,75.70,25
BUY,71.30,28
BUY,72.40,32
SELL,75.70,29
SELL,78.60,19
SELL,79.80,324
SELL,78.30,19
SELL,81.60,18
SELL,84.10,33
SELL,86.30,27
SELL,88.40,34
SELL,89.80,34
SELL,92.80,57
BUY,85.60,27
BUY,86.80,35
BUY,85.60,33
BUY,83.40,30
BUY,78.70,32
BUY,75.30,19
BUY,72.60,19
BUY,72.10,26
BUY,69.00,28
SELL,73.80,26
BUY,71.20,28
BUY,71.60,24
BUY,67.00,34
BUY,63.60,28
BUY,60.40,26
BUY,59.80,25
BUY,56.80,31
SELL,63.10,28
SELL,66.70,31
SELL,69.50,45
BUY,64.50,27
SELL,68.10,27
SELL,70.00,28
SELL,73.80,27
SELL,75.10,29
SELL,78.00,27
SELL,80.30,26
SELL,84.50,28
SELL,82.40,26
BUY,81.10,26
BUY,79.00,27
SELL,83.40,26
BUY,79.10,28
SELL,81.60,25
BUY,79.20,26
BUY,75.00,25
BUY,76.90,26
SELL,81.30,26
SELL,83.20,25
SELL,85.30,29
SELL,86.50,31
SELL,87.50,28
BUY,83.50,28
BUY,83.00,28
BUY,79.30,16
BUY,75.00,16
BUY,77.80,16
BUY,75.60,27
SELL,78.40,41
SELL,80.70,26
SELL,80.30,27
SELL,81.50,27
BUY,79.30,27
SELL,83.20,27
SELL,82.60,25
SELL,81.80,15
BUY,77.10,17
BUY,77.60,22
BUY,77.40,23
SELL,81.60,14
SELL,85.10,24
SELL,88.40,18
SELL,92.80,41
SELL,96.70,32
SELL,100.60,28
SELL,96.30,27
SELL,101.10,27
SELL,100.10,25
SELL,103.70,25
SELL,102.10,27
BUY,101.00,29
SELL,103.40,25
BUY,96.70,24
BUY,99.70,25
SELL,103.80,20
SELL,102.00,27
SELL,106.10,26
BUY,101.60,41
BUY,96.60,34
BUY,95.90,40
BUY,96.50,28
BUY,93.80,31
BUY,91.40,27
BUY,87.30,29
BUY,90.40,28
BUY,89.10,21
SELL,91.10,73
BUY,85.80,17
SELL,94.50,22
SELL,92.50,15
SELL,94.20,17
BUY,88.30,28
BUY,88.40,32
SELL,93.80,25
SELL,92.90,28
BUY,86.90,28
BUY,87.50,29
BUY,84.20,29
BUY,79.90,30
BUY,76.80,29
BUY,73.40,22
BUY,73.20,99
BUY,72.10,25
BUY,70.20,26
BUY,67.70,28
BUY,68.10,28
BUY,64.80,30
BUY,62.10,28
BUY,58.00,15
BUY,61.40,29
BUY,56.70,27
BUY,53.10,28
SELL,57.10,27
BUY,51.10,29
BUY,50.00,29
BUY,52.90,30
SELL,54.30,27
BUY,50.10,27
BUY,51.10,26
SELL,53.60,30
SELL,58.30,27
SELL,59.60,34
SELL,57.40,24
BUY,54.80,26
BUY,50.60,30
BUY,50.00,27
BUY,50.00,30
SELL,53.70,30
SELL,57.30,29
SELL,59.40,26
SELL,63.00,28
SELL,62.60,26
SELL,63.40,33
BUY,58.10,21
BUY,55.00,19
BUY,51.60,22
BUY,52.30,21
SELL,57.20,27
SELL,61.50,20
SELL,59.70,28
SELL,60.70,27
BUY,58.30,32
BUY,58.20,25
SELL,61.80,27
SELL,63.20,55
SELL,64.90,48
SELL,67.10,12
SELL,67.60,17
BUY,63.70,11
BUY,62.10,60
BUY,63.20,15
BUY,59.90,17
BUY,55.10,11
BUY,55.90,12
BUY,55.40,16
SELL,60.20,21
SELL,64.20,19
SELL,63.70,35
BUY,60.50,32
SELL,65.90,31
SELL,64.60,33
SELL,64.80,29
SELL,68.10,1508
SELL,68.70,12
SELL,70.70,91
SELL,72.90,34
SELL,75.20,21
BUY,67.50,16
BUY,70.70,19
SELL,75.00,16
SELL,77.00,15
SELL,73.70,18
BUY,69.20,17
BUY,66.20,15
BUY,65.80,11
BUY,67.10,15
BUY,59.70,26
BUY,55.40,15
BUY,52.10,15
BUY,50.00,13
BUY,51.70,28
BUY,50.00,43
SELL,56.70,15
SELL,59.60,16
SELL,62.30,11
SELL,61.50,12
SELL,67.40,14
SELL,65.30,13
BUY,62.10,14
BUY,64.70,35
SELL,65.00,29
SELL,66.20,29
BUY,61.20,32
BUY,59.20,33
BUY,61.10,36
SELL,64.80,27
BUY,59.30,28
BUY,57.60,30
SELL,61.60,26
SELL,61.90,25
BUY,57.80,28
BUY,53.20,40
BUY,50.20,29
BUY,53.30,28
SELL,56.20,28
SELL,56.40,26
SELL,55.40,30
BUY,53.40,35
BUY,51.70,29
BUY,50.00,26
BUY,50.00,35
SELL,53.90,31
SELL,57.00,59
SELL,60.30,13
SELL,59.40,33
SELL,63.20,29
SELL,66.10,28
SELL,66.50,37
SELL,68.80,44
BUY,60.00,29
BUY,62.10,30
BUY,58.20,14
SELL,67.10,15
SELL,69.50,23
SELL,65.80,17
BUY,61.80,17
BUY,65.20,18
SELL,69.90,15
SELL,73.60,15
SELL,69.80,262
BUY,66.20,15
BUY,68.80,14
BUY,64.40,16
BUY,60.80,11
BUY,60.60,13
BUY,58.10,22
BUY,57.70,14
BUY,53.80,14
BUY,50.60,11
BUY,50.30,13
BUY,50.00,1101
SELL,54.00,111
BUY,50.00,13
SELL,52.40,16
BUY,50.00,33
SELL,52.40,31
SELL,54.80,46
SELL,56.20,13
SELL,56.30,16
SELL,59.70,12
SELL,60.10,30
BUY,57.00,26
SELL,62.50,15
SELL,62.40,13
SELL,66.00,13
SELL,65.80,29
SELL,70.70,27
SELL,74.80,13
SELL,77.90,12
SELL,74.20,12
SELL,77.70,34
BUY,71.70,28
BUY,72.80,14
SELL,78.60,14
SELL,78.50,34
BUY,74.80,15
BUY,71.70,13
BUY,75.60,33
BUY,70.70,30
SELL,74.70,27
BUY,73.10,28
BUY,71.40,21
BUY,66.50,14
BUY,67.10,30
SELL,73.80,14
SELL,78.10,53
SELL,74.70,15
BUY,72.30,15
BUY,67.80,18
BUY,69.60,20
SELL,72.60,29
BUY,67.40,16
BUY,62.40,56
BUY,58.90,29
BUY,58.60,31
BUY,57.00,40
BUY,56.40,14
SELL,61.60,16
SELL,64.90,13
SELL,63.80,32
BUY,59.30,32
SELL,63.50,14
SELL,62.60,14
SELL,66.90,45
SELL,66.60,19
SELL,69.90,18
SELL,73.80,17
SELL,72.60,27
SELL,76.50,31
BUY,69.20,18
BUY,71.70,18
BUY,66.80,18
BUY,65.20,30
BUY,62.50,28
SELL,68.00,19
SELL,70.20,18
SELL,69.70,33
BUY,65.60,28
BUY,67.40,37
BUY,63.20,26
BUY,63.00,17
SELL,68.30,20
SELL,67.70,18
BUY,63.20,30
BUY,64.70,16
BUY,62.10,18
BUY,61.00,18
BUY,61.20,28
BUY,59.50,17
BUY,58.00,34
BUY,56.30,20
BUY,54.90,19
SELL,57.00,29
BUY,53.90,35
SELL,57.40,18
BUY,52.70,19
BUY,54.90,19
SELL,56.40,20
SELL,56.00,16
BUY,51.50,20
SELL,55.40,21
SELL,57.70,37
SELL,62.10,746
SELL,62.30,150
SELL,65.60,21
BUY,59.60,32
BUY,56.40,19
BUY,54.00,17
BUY,54.00,7676
SELL,57.50,187
BUY,50.70,33
BUY,50.00,26
BUY,50.00,26
SELL,53.30,26
BUY,50.80,27
SELL,55.50,23
SELL,56.20,23
BUY,51.30,25
BUY,50.40,7
BUY,50.00,27
SELL,54.80,35
SELL,52.00,11
SELL,52.30,9
BUY,50.00,11
SELL,54.60,12
SELL,54.30,23
SELL,56.80,22
SELL,58.00,32
SELL,58.50,28
SELL,61.00,33
SELL,63.40,16
BUY,56.90,21
BUY,52.60,21
BUY,57.40,94
BUY,54.80,427
SELL,58.90,22
BUY,55.20,33
SELL,61.00,27
SELL,59.20,24
BUY,54.20,84
BUY,53.90,18
BUY,50.00,20
BUY,50.00,23
BUY,50.00,15
SELL,53.20,38
SELL,57.40,19
SELL,55.00,22
SELL,56.60,23
SELL,60.00,34
SELL,61.50,37
SELL,65.40,31
SELL,65.10,30
BUY,60.40,35
BUY,57.00,20
BUY,53.60,38
BUY,50.20,34
BUY,50.00,22
BUY,50.00,83
SELL,54.60,31
SELL,58.40,23
SELL,55.70,38
SELL,60.60,38
SELL,64.10,58
SELL,66.90,33
SELL,67.70,28
SELL,66.40,31
BUY,64.90,35
BUY,62.30,22
BUY,65.00,21
BUY,62.50,28
BUY,58.60,25
BUY,61.60,33
SELL,65.50,33
SELL,62.10,22
BUY,59.60,19
SELL,65.20,16
SELL,65.60,20
SELL,67.90,16
SELL,70.90,26
SELL,72.70,17
SELL,76.20,11
SELL,77.60,12
SELL,79.00,12
SELL,82.20,12
SELL,80.40,12
BUY,76.50,14
BUY,74.90,11
SELL,78.70,12
SELL,82.60,18
SELL,81.50,12
SELL,81.20,12
SELL,84.40,10
BUY,76.80,18
BUY,76.90,12
BUY,77.10,13
SELL,80.30,13
SELL,80.80,18
SELL,82.70,15
SELL,83.30,22
BUY,79.60,14
BUY,77.40,15
SELL,80.30,21
SELL,83.60,81
SELL,84.40,16
SELL,89.00,15
SELL,90.40,31
SELL,90.60,34
SELL,95.00,24
BUY,87.80,23
BUY,88.40,28
SELL,92.10,19
SELL,93.00,21
SELL,91.10,20
BUY,86.70,21
BUY,86.40,28
SELL,90.20,23
SELL,93.20,33
SELL,94.20,21
BUY,87.80,31
BUY,87.40,21
BUY,85.10,22
BUY,85.70,22
SELL,93.50,15
SELL,95.20,16
SELL,97.80,13
SELL,102.70,17
SELL,103.30,20
SELL,106.20,14
BUY,100.00,223
BUY,100.80,20
BUY,100.20,20
BUY,95.90,18
BUY,94.70,20
BUY,93.10,19
SELL,97.40,131
BUY,89.10,45
BUY,91.10,21
BUY,90.00,18
BUY,85.20,25
SELL,95.00,28
BUY,87.80,802
BUY,89.80,40
SELL,94.40,9
SELL,94.30,10
BUY,89.90,23
BUY,88.50,898
BUY,88.70,9
SELL,94.40,365
SELL,92.80,7
BUY,88.40,6
BUY,90.40,16
BUY,85.40,44
BUY,80.80,8
BUY,76.50,11
BUY,77.20,189
BUY,74.20,16
BUY,76.10,11
BUY,73.00,9
BUY,71.90,7
BUY,73.20,8
BUY,70.90,9
SELL,74.70,7
SELL,77.90,6
SELL,73.10,3374
BUY,72.30,35
BUY,72.80,59
SELL,75.60,7
SELL,74.70,8
SELL,75.30,1274
SELL,82.70,33
SELL,77.80,475
SELL,80.20,294
SELL,81.10,316
BUY,76.60,38
BUY,78.60,853
SELL,79.80,204
BUY,75.20,488
BUY,76.80,187
SELL,84.50,18
SELL,85.50,135
SELL,85.40,1687
SELL,92.20,2259
SELL,93.40,29
SELL,93.00,289
SELL,96.70,759
BUY,90.80,149
BUY,89.10,21
SELL,95.40,6
SELL,91.30,7
SELL,96.20,19
SELL,99.10,17
SELL,99.80,18
BUY,92.20,7
BUY,92.80,21
BUY,91.60,26
BUY,88.60,19
SELL,92.70,7
SELL,94.40,6
BUY,91.10,10
SELL,94.10,7
SELL,94.90,9
SELL,96.40,8
SELL,96.40,40
SELL,101.10,6
SELL,105.20,6
SELL,101.00,7
SELL,107.40,9
SELL,107.40,7
SELL,110.00,8
SELL,111.80,37
SELL,112.90,31
SELL,114.90,8
SELL,115.10,8
BUY,114.30,28
SELL,115.70,8
SELL,116.00,8
SELL,117.00,10
BUY,111.40,28
BUY,112.50,23
SELL,113.60,22
BUY,108.20,9
BUY,104.00,32
BUY,104.00,20
BUY,99.50,9
BUY,100.10,8
BUY,97.20,7
BUY,101.00,7
SELL,99.90,7
BUY,97.40,7
BUY,95.90,29
BUY,92.90,7
BUY,93.30,24
BUY,89.00,8
SELL,95.40,13
SELL,97.50,13
SELL,100.70,19
SELL,101.30,7
SELL,101.10,26
SELL,104.00,22
SELL,106.50,24
SELL,110.80,22
SELL,110.50,25
SELL,113.00,8
SELL,116.10,10
SELL,118.80,9
BUY,116.10,23
SELL,116.40,15
BUY,114.90,10
BUY,112.00,8
BUY,114.10,33
SELL,117.00,8
BUY,111.20,41
BUY,107.30,35
BUY,107.80,39
BUY,109.60,36
BUY,107.20,33
SELL,109.60,30
SELL,113.10,15
BUY,109.60,30
BUY,106.10,33
BUY,107.50,33
BUY,102.60,33
BUY,98.60,31
BUY,99.40,30
BUY,98.00,31
SELL,103.10,18
SELL,101.20,30
SELL,107.00,20
SELL,108.30,30
BUY,100.00,33
BUY,102.90,29
SELL,102.60,19
BUY,98.70,29
BUY,93.70,16
BUY,89.90,14
BUY,90.40,13
BUY,86.70,31
SELL,89.20,24
BUY,84.40,28
BUY,87.40,27
SELL,88.80,29
BUY,84.00,29
BUY,83.90,33
BUY,78.90,28
BUY,75.80,36
BUY,74.50,27
BUY,73.00,29
SELL,77.90,17
SELL,80.80,15
SELL,80.00,26
SELL,81.90,30
BUY,76.30,26
BUY,71.90,34
BUY,71.70,16
BUY,71.80,9
SELL,75.50,10
SELL,78.90,14
SELL,83.50,23
SELL,87.10,26
SELL,84.80,33
BUY,81.60,14
BUY,78.00,28
BUY,79.70,37
SELL,84.60,29
SELL,86.40,14
SELL,84.90,17
SELL,89.30,17
SELL,89.00,19
BUY,86.00,27
BUY,82.00,29
BUY,85.80,19
SELL,91.10,13
SELL,91.80,26
SELL,91.90,39
BUY,89.20,21
SELL,94.30,23
SELL,93.50,15
BUY,89.40,29
BUY,88.80,28
BUY,86.80,24
BUY,85.00,22
BUY,83.70,26
BUY,84.10,16
BUY,81.10,17
BUY,79.30,15
BUY,75.40,16
BUY,73.50,15
BUY,76.40,12
SELL,78.20,20
BUY,74.10,12
BUY,70.30,29
BUY,74.50,13
SELL,77.30,22
SELL,74.80,24
BUY,70.30,32
BUY,73.80,32
SELL,77.70,29
SELL,82.00,32
SELL,80.40,20
BUY,75.00,34
BUY,75.50,35
BUY,72.50,27
BUY,70.40,28
BUY,70.60,25
BUY,65.70,13
BUY,62.00,12
BUY,57.40,28
BUY,60.00,30
BUY,56.20,10
SELL,65.60,26
SELL,65.90,27
SELL,66.80,25
SELL,69.60,1411
SELL,71.10,103
BUY,66.60,84
BUY,67.00,74
BUY,64.60,60
SELL,70.40,284
SELL,68.80,46
BUY,64.10,979
BUY,61.50,521
BUY,63.10,736
SELL,65.50,16
SELL,68.00,432
SELL,67.20,11
BUY,62.50,11
BUY,64.10,2002
